project_uuid,workspace_uuid,created_at,updated_at,name,full_address,address_1,address_2,city,state,postal_code,country,lat,lng,investment_strategy,stage,type,style,square_feet,beds,baths,year_built,featured_image_url,permissions_json
38cff954-90c5-4b6e-ad7f-effa1b41e252,fcc296b5-fe8b-4b7a-9b32-d436b75f9490,2026-04-14T18:41:43Z,2026-04-14T19:04:55Z,373 Pinehurst Drive,"373 Pinehurst Drive, Talladega, AL 35160",373 Pinehurst Drive,,Talladega,AL,35160,US,33.4243179,-86.1072753,fix_and_flip,appointment_set,Single Family Residence,,1298,,2,1957,https://tools.flipperforce.com/uploads/projects/113863/streetview-400x400.jpg,"[""team_notifications"", ""analysis_dashboard"", ""estimating_dashboard"", ""accounting_dashboard"", ""leads_dashboard"", ""active_projects_dashboard"", ""portfolio_dashboard"", ""project_notes"", ""project_comps"", ""flip_analyzer"", ""rental_analyzer"", ""repair_estimator"", ""deal_analysis_reports"", ""task_manager"", ""project_scheduler"", ""project_calendar"", ""project_budgeter"", ""expense_tracker"", ""income_tracker"", ""receipts"", ""accounting_reports"", ""contacts_vendors"", ""document_manager"", ""photo_log"", ""add_project"", ""delete_project"", ""material_catalog"", ""project_progress_updates"", ""activity_log"", ""receipts_inbox""]"
a084d394-50c7-486d-9d08-63c56b39cfd3,fcc296b5-fe8b-4b7a-9b32-d436b75f9490,2026-01-14T20:51:50Z,2026-04-14T17:18:18Z,250 Schall Drive,"250 Schall Drive, Ragland, AL 35131",250 Schall Drive,,Ragland,AL,35131,US,33.7516682,-86.1149003,fix_and_flip,appointment_set,,,,,,,https://tools.flipperforce.com/uploads/projects/108802/streetview-600x450.png,"[""team_notifications"", ""analysis_dashboard"", ""estimating_dashboard"", ""accounting_dashboard"", ""leads_dashboard"", ""active_projects_dashboard"", ""portfolio_dashboard"", ""project_notes"", ""project_comps"", ""flip_analyzer"", ""rental_analyzer"", ""repair_estimator"", ""deal_analysis_reports"", ""task_manager"", ""project_scheduler"", ""project_calendar"", ""project_budgeter"", ""expense_tracker"", ""income_tracker"", ""receipts"", ""accounting_reports"", ""contacts_vendors"", ""document_manager"", ""photo_log"", ""add_project"", ""delete_project"", ""material_catalog"", ""project_progress_updates"", ""activity_log"", ""receipts_inbox""]"
5736e77c-3e86-4274-9dac-c36059dedb7a,fcc296b5-fe8b-4b7a-9b32-d436b75f9490,2025-07-11T14:47:56Z,2026-04-13T20:30:04Z,1504 8th Street Northwest,"1504 8th Street Northwest, Birmingham, AL 35215",1504 8th Street Northwest,,Birmingham,AL,35215,US,33.6250215,-86.7105306,fix_and_flip,active_listing,Single Family,,1056,3,2,1981,https://tools.flipperforce.com/uploads/projects/97826/streetview-400x400.jpg,"[""team_notifications"", ""analysis_dashboard"", ""estimating_dashboard"", ""accounting_dashboard"", ""leads_dashboard"", ""active_projects_dashboard"", ""portfolio_dashboard"", ""project_notes"", ""project_comps"", ""flip_analyzer"", ""rental_analyzer"", ""repair_estimator"", ""deal_analysis_reports"", ""task_manager"", ""project_scheduler"", ""project_calendar"", ""project_budgeter"", ""expense_tracker"", ""income_tracker"", ""receipts"", ""accounting_reports"", ""contacts_vendors"", ""document_manager"", ""photo_log"", ""add_project"", ""delete_project"", ""material_catalog"", ""project_progress_updates"", ""activity_log"", ""receipts_inbox""]"
0c2689e2-f4f7-4b4c-b310-c5d7ffbaf2e9,fcc296b5-fe8b-4b7a-9b32-d436b75f9490,2026-02-05T21:09:50Z,2026-04-13T20:29:57Z,4472 Parkwood Circle,"4472 Parkwood Circle, Trussville, AL 35173",4472 Parkwood Circle,,Trussville,AL,35173,US,33.6327839,-86.5924209,fix_and_flip,pending_sale,Garden Home,,1657,2,2,1997,https://tools.flipperforce.com/uploads/projects/110089/streetview-400x400.jpg,"[""team_notifications"", ""analysis_dashboard"", ""estimating_dashboard"", ""accounting_dashboard"", ""leads_dashboard"", ""active_projects_dashboard"", ""portfolio_dashboard"", ""project_notes"", ""project_comps"", ""flip_analyzer"", ""rental_analyzer"", ""repair_estimator"", ""deal_analysis_reports"", ""task_manager"", ""project_scheduler"", ""project_calendar"", ""project_budgeter"", ""expense_tracker"", ""income_tracker"", ""receipts"", ""accounting_reports"", ""contacts_vendors"", ""document_manager"", ""photo_log"", ""add_project"", ""delete_project"", ""material_catalog"", ""project_progress_updates"", ""activity_log"", ""receipts_inbox""]"
d28e90c1-f475-4928-b16d-0628fe724a13,fcc296b5-fe8b-4b7a-9b32-d436b75f9490,2026-04-07T20:03:18Z,2026-04-13T20:29:13Z,378 Laredo Drive,"378 Laredo Drive, Birmingham, AL 35226",378 Laredo Drive,,Birmingham,AL,35226,US,33.4022573,-86.8281626,fix_and_flip,offer_made,Single Family Residence,,2912,5,3,1976,https://tools.flipperforce.com/uploads/projects/113491/streetview-400x400.jpg,"[""team_notifications"", ""analysis_dashboard"", ""estimating_dashboard"", ""accounting_dashboard"", ""leads_dashboard"", ""active_projects_dashboard"", ""portfolio_dashboard"", ""project_notes"", ""project_comps"", ""flip_analyzer"", ""rental_analyzer"", ""repair_estimator"", ""deal_analysis_reports"", ""task_manager"", ""project_scheduler"", ""project_calendar"", ""project_budgeter"", ""expense_tracker"", ""income_tracker"", ""receipts"", ""accounting_reports"", ""contacts_vendors"", ""document_manager"", ""photo_log"", ""add_project"", ""delete_project"", ""material_catalog"", ""project_progress_updates"", ""activity_log"", ""receipts_inbox""]"
926fb82d-2f16-49a6-b21f-86c9a4ef08f4,fcc296b5-fe8b-4b7a-9b32-d436b75f9490,2026-04-10T17:28:39Z,2026-04-13T20:25:13Z,1688 Brewster Road,"1688 Brewster Road, Birmingham, AL 35235",1688 Brewster Road,,Birmingham,AL,35235,US,33.6267178,-86.6541428,fix_and_flip,pending_purchase,Single Family Residence,,1148,2,2,1980,https://tools.flipperforce.com/uploads/projects/113671/streetview-400x400.jpg,"[""team_notifications"", ""analysis_dashboard"", ""estimating_dashboard"", ""accounting_dashboard"", ""leads_dashboard"", ""active_projects_dashboard"", ""portfolio_dashboard"", ""project_notes"", ""project_comps"", ""flip_analyzer"", ""rental_analyzer"", ""repair_estimator"", ""deal_analysis_reports"", ""task_manager"", ""project_scheduler"", ""project_calendar"", ""project_budgeter"", ""expense_tracker"", ""income_tracker"", ""receipts"", ""accounting_reports"", ""contacts_vendors"", ""document_manager"", ""photo_log"", ""add_project"", ""delete_project"", ""material_catalog"", ""project_progress_updates"", ""activity_log"", ""receipts_inbox""]"
7c81ffec-7b99-4dc8-a411-0eec59257e0f,fcc296b5-fe8b-4b7a-9b32-d436b75f9490,2026-01-29T20:55:43Z,2026-04-10T20:37:21Z,1309 Springville Road,"1309 Springville Road, Birmingham, AL 35215",1309 Springville Road,,Birmingham,AL,35215,US,33.6156419,-86.6739751,fix_and_flip,under_construction,Single Family Residence,,2726,3,2,1952,https://tools.flipperforce.com/uploads/projects/109630/wB2q2NhxGCRNMfMkofKlbKgxM3uoeXXowlqx7h2n-600x450.jpg,"[""team_notifications"", ""analysis_dashboard"", ""estimating_dashboard"", ""accounting_dashboard"", ""leads_dashboard"", ""active_projects_dashboard"", ""portfolio_dashboard"", ""project_notes"", ""project_comps"", ""flip_analyzer"", ""rental_analyzer"", ""repair_estimator"", ""deal_analysis_reports"", ""task_manager"", ""project_scheduler"", ""project_calendar"", ""project_budgeter"", ""expense_tracker"", ""income_tracker"", ""receipts"", ""accounting_reports"", ""contacts_vendors"", ""document_manager"", ""photo_log"", ""add_project"", ""delete_project"", ""material_catalog"", ""project_progress_updates"", ""activity_log"", ""receipts_inbox""]"
cb9be0f6-9df0-4704-9027-303df26b159e,fcc296b5-fe8b-4b7a-9b32-d436b75f9490,2025-05-23T19:42:50Z,2026-04-10T19:05:28Z,5609 Ridge View Drive,"5609 Ridge View Drive, Trussville, AL 35173",5609 Ridge View Drive,,Trussville,AL,35173,US,33.6571209,-86.5346428,fix_and_flip,punch_list,General,,2606,,2,2002,https://tools.flipperforce.com/uploads/projects/95474/1rAP9Lb9x4lo09bBYUXPsA4AWzHdpc6yyLxoS2jh-223x226.jpg,"[""team_notifications"", ""analysis_dashboard"", ""estimating_dashboard"", ""accounting_dashboard"", ""leads_dashboard"", ""active_projects_dashboard"", ""portfolio_dashboard"", ""project_notes"", ""project_comps"", ""flip_analyzer"", ""rental_analyzer"", ""repair_estimator"", ""deal_analysis_reports"", ""task_manager"", ""project_scheduler"", ""project_calendar"", ""project_budgeter"", ""expense_tracker"", ""income_tracker"", ""receipts"", ""accounting_reports"", ""contacts_vendors"", ""document_manager"", ""photo_log"", ""add_project"", ""delete_project"", ""material_catalog"", ""project_progress_updates"", ""activity_log"", ""receipts_inbox""]"
e4555221-06cf-4140-b7f3-dade8f132060,fcc296b5-fe8b-4b7a-9b32-d436b75f9490,2026-03-17T20:41:18Z,2026-04-10T18:38:46Z,2701 Eastern Valley Road,"2701 Eastern Valley Road, Leeds, AL 35094",2701 Eastern Valley Road,,Leeds,AL,35094,US,33.496833,-86.606408,fix_and_flip,under_construction,Single Family Residence,,2835,3,1,1925,https://tools.flipperforce.com/uploads/projects/112374/streetview-400x400.jpg,"[""team_notifications"", ""analysis_dashboard"", ""estimating_dashboard"", ""accounting_dashboard"", ""leads_dashboard"", ""active_projects_dashboard"", ""portfolio_dashboard"", ""project_notes"", ""project_comps"", ""flip_analyzer"", ""rental_analyzer"", ""repair_estimator"", ""deal_analysis_reports"", ""task_manager"", ""project_scheduler"", ""project_calendar"", ""project_budgeter"", ""expense_tracker"", ""income_tracker"", ""receipts"", ""accounting_reports"", ""contacts_vendors"", ""document_manager"", ""photo_log"", ""add_project"", ""delete_project"", ""material_catalog"", ""project_progress_updates"", ""activity_log"", ""receipts_inbox""]"
46f6e042-fc44-4fe5-b0b0-b4c46bb57888,fcc296b5-fe8b-4b7a-9b32-d436b75f9490,2026-01-26T16:53:48Z,2026-04-10T18:37:26Z,308 Killough Drive,"308 Killough Drive, Birmingham, AL 35215",308 Killough Drive,,Birmingham,AL,35215,US,33.6136594,-86.7057029,fix_and_flip,under_construction,Single Family Residence,,1392,3,2,1960,https://tools.flipperforce.com/uploads/projects/109424/streetview-400x400.jpg,"[""team_notifications"", ""analysis_dashboard"", ""estimating_dashboard"", ""accounting_dashboard"", ""leads_dashboard"", ""active_projects_dashboard"", ""portfolio_dashboard"", ""project_notes"", ""project_comps"", ""flip_analyzer"", ""rental_analyzer"", ""repair_estimator"", ""deal_analysis_reports"", ""task_manager"", ""project_scheduler"", ""project_calendar"", ""project_budgeter"", ""expense_tracker"", ""income_tracker"", ""receipts"", ""accounting_reports"", ""contacts_vendors"", ""document_manager"", ""photo_log"", ""add_project"", ""delete_project"", ""material_catalog"", ""project_progress_updates"", ""activity_log"", ""receipts_inbox""]"
660a1a94-2867-48e7-9c5f-4db540c7104a,fcc296b5-fe8b-4b7a-9b32-d436b75f9490,2026-03-17T20:42:09Z,2026-04-10T18:16:03Z,6279 Tyler Loop Road,"6279 Tyler Loop Road, Pinson, AL 35126",6279 Tyler Loop Road,,Pinson,AL,35126,US,33.6797459,-86.6590765,fix_and_flip,under_construction,Single Family Residence,,1336,3,2,1974,https://tools.flipperforce.com/uploads/projects/112375/streetview-400x400.jpg,"[""team_notifications"", ""analysis_dashboard"", ""estimating_dashboard"", ""accounting_dashboard"", ""leads_dashboard"", ""active_projects_dashboard"", ""portfolio_dashboard"", ""project_notes"", ""project_comps"", ""flip_analyzer"", ""rental_analyzer"", ""repair_estimator"", ""deal_analysis_reports"", ""task_manager"", ""project_scheduler"", ""project_calendar"", ""project_budgeter"", ""expense_tracker"", ""income_tracker"", ""receipts"", ""accounting_reports"", ""contacts_vendors"", ""document_manager"", ""photo_log"", ""add_project"", ""delete_project"", ""material_catalog"", ""project_progress_updates"", ""activity_log"", ""receipts_inbox""]"
199b7da4-951f-4017-9592-20b744b63bb2,fcc296b5-fe8b-4b7a-9b32-d436b75f9490,2026-02-06T17:24:33Z,2026-04-10T17:54:19Z,2825 2nd Way Northwest,"2825 2nd Way Northwest, Center Point, AL 35215",2825 2nd Way Northwest,,Center Point,AL,35215,US,33.6591248,-86.6908245,fix_and_flip,under_construction,Single Family Residence,,1528,3,2,1966,https://tools.flipperforce.com/uploads/projects/110123/streetview-400x400.jpg,"[""team_notifications"", ""analysis_dashboard"", ""estimating_dashboard"", ""accounting_dashboard"", ""leads_dashboard"", ""active_projects_dashboard"", ""portfolio_dashboard"", ""project_notes"", ""project_comps"", ""flip_analyzer"", ""rental_analyzer"", ""repair_estimator"", ""deal_analysis_reports"", ""task_manager"", ""project_scheduler"", ""project_calendar"", ""project_budgeter"", ""expense_tracker"", ""income_tracker"", ""receipts"", ""accounting_reports"", ""contacts_vendors"", ""document_manager"", ""photo_log"", ""add_project"", ""delete_project"", ""material_catalog"", ""project_progress_updates"", ""activity_log"", ""receipts_inbox""]"
09618744-1448-4510-8bd5-09aee816fe40,fcc296b5-fe8b-4b7a-9b32-d436b75f9490,2026-01-20T21:58:56Z,2026-04-10T15:43:13Z,1676 Five Points Road,"1676 Five Points Road, Cleveland, AL 35049",1676 Five Points Road,,Cleveland,AL,35049,US,34.0088961,-86.5579437,fix_and_flip,under_construction,,,,,,,https://tools.flipperforce.com/uploads/projects/109098/streetview-400x400.jpg,"[""team_notifications"", ""analysis_dashboard"", ""estimating_dashboard"", ""accounting_dashboard"", ""leads_dashboard"", ""active_projects_dashboard"", ""portfolio_dashboard"", ""project_notes"", ""project_comps"", ""flip_analyzer"", ""rental_analyzer"", ""repair_estimator"", ""deal_analysis_reports"", ""task_manager"", ""project_scheduler"", ""project_calendar"", ""project_budgeter"", ""expense_tracker"", ""income_tracker"", ""receipts"", ""accounting_reports"", ""contacts_vendors"", ""document_manager"", ""photo_log"", ""add_project"", ""delete_project"", ""material_catalog"", ""project_progress_updates"", ""activity_log"", ""receipts_inbox""]"
3448a51e-f2e1-45ae-8868-529ae366e7e0,fcc296b5-fe8b-4b7a-9b32-d436b75f9490,2026-02-11T18:06:11Z,2026-04-10T15:16:23Z,316 Gemini Circle Northwest,"316 Gemini Circle Northwest, Birmingham, AL 35215",316 Gemini Circle Northwest,,Birmingham,AL,35215,US,33.6726252,-86.6901755,fix_and_flip,under_construction,Single Family Residence,,1268,3,2,1975,https://tools.flipperforce.com/uploads/projects/110368/streetview-400x400.jpg,"[""team_notifications"", ""analysis_dashboard"", ""estimating_dashboard"", ""accounting_dashboard"", ""leads_dashboard"", ""active_projects_dashboard"", ""portfolio_dashboard"", ""project_notes"", ""project_comps"", ""flip_analyzer"", ""rental_analyzer"", ""repair_estimator"", ""deal_analysis_reports"", ""task_manager"", ""project_scheduler"", ""project_calendar"", ""project_budgeter"", ""expense_tracker"", ""income_tracker"", ""receipts"", ""accounting_reports"", ""contacts_vendors"", ""document_manager"", ""photo_log"", ""add_project"", ""delete_project"", ""material_catalog"", ""project_progress_updates"", ""activity_log"", ""receipts_inbox""]"
9cb8369d-bf9c-4e42-a36f-05acd9de194c,fcc296b5-fe8b-4b7a-9b32-d436b75f9490,2026-02-06T17:23:11Z,2026-04-10T15:15:33Z,112 White Cap Circle,"112 White Cap Circle, Alabaster, AL 35007",112 White Cap Circle,,Alabaster,AL,35007,US,33.2628784,-86.8279001,fix_and_flip,under_construction,Single Family Residence,,2136,3,3,1976,https://tools.flipperforce.com/uploads/projects/110122/streetview-400x400.jpg,"[""team_notifications"", ""analysis_dashboard"", ""estimating_dashboard"", ""accounting_dashboard"", ""leads_dashboard"", ""active_projects_dashboard"", ""portfolio_dashboard"", ""project_notes"", ""project_comps"", ""flip_analyzer"", ""rental_analyzer"", ""repair_estimator"", ""deal_analysis_reports"", ""task_manager"", ""project_scheduler"", ""project_calendar"", ""project_budgeter"", ""expense_tracker"", ""income_tracker"", ""receipts"", ""accounting_reports"", ""contacts_vendors"", ""document_manager"", ""photo_log"", ""add_project"", ""delete_project"", ""material_catalog"", ""project_progress_updates"", ""activity_log"", ""receipts_inbox""]"
35d87514-df2e-4ad8-8827-bc758f4ef859,fcc296b5-fe8b-4b7a-9b32-d436b75f9490,2026-04-10T12:02:14Z,2026-04-10T12:04:33Z,2521 Arcadia Place,"2521 Arcadia Place, Birmingham, AL 35214",2521 Arcadia Place,,Birmingham,AL,35214,US,33.5873478,-86.9086538,fix_and_flip,offer_made,Single Family Residence,,1370,3,2,1971,https://tools.flipperforce.com/uploads/projects/113651/streetview-400x400.jpg,"[""team_notifications"", ""analysis_dashboard"", ""estimating_dashboard"", ""accounting_dashboard"", ""leads_dashboard"", ""active_projects_dashboard"", ""portfolio_dashboard"", ""project_notes"", ""project_comps"", ""flip_analyzer"", ""rental_analyzer"", ""repair_estimator"", ""deal_analysis_reports"", ""task_manager"", ""project_scheduler"", ""project_calendar"", ""project_budgeter"", ""expense_tracker"", ""income_tracker"", ""receipts"", ""accounting_reports"", ""contacts_vendors"", ""document_manager"", ""photo_log"", ""add_project"", ""delete_project"", ""material_catalog"", ""project_progress_updates"", ""activity_log"", ""receipts_inbox""]"
2953799a-81d6-48a3-b794-3e574dae7837,fcc296b5-fe8b-4b7a-9b32-d436b75f9490,2026-04-01T16:50:50Z,2026-04-09T18:28:51Z,380 Myrick Road,"380 Myrick Road, Warrior, AL 35180",380 Myrick Road,,Warrior,AL,35180,US,33.8724575,-86.7911595,fix_and_flip,pending_purchase,Single Family Residence,,3020,,4,1997,https://tools.flipperforce.com/uploads/projects/113192/streetview-400x400.jpg,"[""team_notifications"", ""analysis_dashboard"", ""estimating_dashboard"", ""accounting_dashboard"", ""leads_dashboard"", ""active_projects_dashboard"", ""portfolio_dashboard"", ""project_notes"", ""project_comps"", ""flip_analyzer"", ""rental_analyzer"", ""repair_estimator"", ""deal_analysis_reports"", ""task_manager"", ""project_scheduler"", ""project_calendar"", ""project_budgeter"", ""expense_tracker"", ""income_tracker"", ""receipts"", ""accounting_reports"", ""contacts_vendors"", ""document_manager"", ""photo_log"", ""add_project"", ""delete_project"", ""material_catalog"", ""project_progress_updates"", ""activity_log"", ""receipts_inbox""]"
03357b7a-8ce8-440b-86d8-0e9dddd929d5,fcc296b5-fe8b-4b7a-9b32-d436b75f9490,2026-03-31T13:42:25Z,2026-04-09T18:23:17Z,1624 Farmington Road,"1624 Farmington Road, Birmingham, AL 35235",1624 Farmington Road,,Birmingham,AL,35235,US,33.6197908,-86.6529426,fix_and_flip,lead,Single Family Residence,,2236,4,2,1974,https://tools.flipperforce.com/uploads/projects/113098/streetview-400x400.jpg,"[""team_notifications"", ""analysis_dashboard"", ""estimating_dashboard"", ""accounting_dashboard"", ""leads_dashboard"", ""active_projects_dashboard"", ""portfolio_dashboard"", ""project_notes"", ""project_comps"", ""flip_analyzer"", ""rental_analyzer"", ""repair_estimator"", ""deal_analysis_reports"", ""task_manager"", ""project_scheduler"", ""project_calendar"", ""project_budgeter"", ""expense_tracker"", ""income_tracker"", ""receipts"", ""accounting_reports"", ""contacts_vendors"", ""document_manager"", ""photo_log"", ""add_project"", ""delete_project"", ""material_catalog"", ""project_progress_updates"", ""activity_log"", ""receipts_inbox""]"
aef92150-c9d4-4fcd-9599-c8d46b960ed6,fcc296b5-fe8b-4b7a-9b32-d436b75f9490,2026-01-27T20:12:50Z,2026-04-09T18:22:57Z,5874 Dogwood Circle,"5874 Dogwood Circle, McCalla, AL 35111",5874 Dogwood Circle,,McCalla,AL,35111,US,33.3254575,-87.0354187,fix_and_flip,under_construction,Single Family Residence,,1450,3,2,1977,https://tools.flipperforce.com/uploads/projects/109490/streetview-400x400.jpg,"[""team_notifications"", ""analysis_dashboard"", ""estimating_dashboard"", ""accounting_dashboard"", ""leads_dashboard"", ""active_projects_dashboard"", ""portfolio_dashboard"", ""project_notes"", ""project_comps"", ""flip_analyzer"", ""rental_analyzer"", ""repair_estimator"", ""deal_analysis_reports"", ""task_manager"", ""project_scheduler"", ""project_calendar"", ""project_budgeter"", ""expense_tracker"", ""income_tracker"", ""receipts"", ""accounting_reports"", ""contacts_vendors"", ""document_manager"", ""photo_log"", ""add_project"", ""delete_project"", ""material_catalog"", ""project_progress_updates"", ""activity_log"", ""receipts_inbox""]"
6b5520c5-7082-481e-9fc1-6f3f24ab5808,fcc296b5-fe8b-4b7a-9b32-d436b75f9490,2026-01-23T14:16:03Z,2026-04-09T17:02:24Z,508 Tambay Drive,"508 Tambay Drive, Birmingham, AL 35217",508 Tambay Drive,,Birmingham,AL,35217,US,33.6357705,-86.7881061,fix_and_flip,punch_list,Single Family Residence,,1392,3,1,1970,https://tools.flipperforce.com/uploads/projects/109280/streetview-400x400.jpg,"[""team_notifications"", ""analysis_dashboard"", ""estimating_dashboard"", ""accounting_dashboard"", ""leads_dashboard"", ""active_projects_dashboard"", ""portfolio_dashboard"", ""project_notes"", ""project_comps"", ""flip_analyzer"", ""rental_analyzer"", ""repair_estimator"", ""deal_analysis_reports"", ""task_manager"", ""project_scheduler"", ""project_calendar"", ""project_budgeter"", ""expense_tracker"", ""income_tracker"", ""receipts"", ""accounting_reports"", ""contacts_vendors"", ""document_manager"", ""photo_log"", ""add_project"", ""delete_project"", ""material_catalog"", ""project_progress_updates"", ""activity_log"", ""receipts_inbox""]"
6e8086a1-e590-4320-a7e6-af2ffaf4c1a0,fcc296b5-fe8b-4b7a-9b32-d436b75f9490,2026-01-28T16:30:55Z,2026-04-09T17:00:21Z,505 Sunhill Road Northwest,"505 Sunhill Road Northwest, Center Point, AL 35215",505 Sunhill Road Northwest,,Center Point,AL,35215,US,33.653389,-86.6966471,fix_and_flip,under_construction,Single Family Residence,,2178,3,1,1955,https://tools.flipperforce.com/uploads/projects/109538/streetview-400x400.jpg,"[""team_notifications"", ""analysis_dashboard"", ""estimating_dashboard"", ""accounting_dashboard"", ""leads_dashboard"", ""active_projects_dashboard"", ""portfolio_dashboard"", ""project_notes"", ""project_comps"", ""flip_analyzer"", ""rental_analyzer"", ""repair_estimator"", ""deal_analysis_reports"", ""task_manager"", ""project_scheduler"", ""project_calendar"", ""project_budgeter"", ""expense_tracker"", ""income_tracker"", ""receipts"", ""accounting_reports"", ""contacts_vendors"", ""document_manager"", ""photo_log"", ""add_project"", ""delete_project"", ""material_catalog"", ""project_progress_updates"", ""activity_log"", ""receipts_inbox""]"
058497a2-f46c-4dc6-835b-20cef610d484,fcc296b5-fe8b-4b7a-9b32-d436b75f9490,2025-08-06T14:33:42Z,2026-04-09T15:50:48Z,1125 Greystone Crest,"1125 Greystone Crest, Birmingham, AL 35242",1125 Greystone Crest,,Birmingham,AL,35242,US,33.4335408,-86.6344367,fix_and_flip,under_construction,Single Family,,5979,6,4,1999,https://tools.flipperforce.com/uploads/projects/99244/streetview-400x400.jpg,"[""team_notifications"", ""analysis_dashboard"", ""estimating_dashboard"", ""accounting_dashboard"", ""leads_dashboard"", ""active_projects_dashboard"", ""portfolio_dashboard"", ""project_notes"", ""project_comps"", ""flip_analyzer"", ""rental_analyzer"", ""repair_estimator"", ""deal_analysis_reports"", ""task_manager"", ""project_scheduler"", ""project_calendar"", ""project_budgeter"", ""expense_tracker"", ""income_tracker"", ""receipts"", ""accounting_reports"", ""contacts_vendors"", ""document_manager"", ""photo_log"", ""add_project"", ""delete_project"", ""material_catalog"", ""project_progress_updates"", ""activity_log"", ""receipts_inbox""]"
e97a92f4-8a67-4b2c-9667-a95505643b89,fcc296b5-fe8b-4b7a-9b32-d436b75f9490,2025-12-10T23:38:01Z,2026-04-09T15:50:12Z,193 Rena Drive,"193 Rena Drive, Springville, AL 35146",193 Rena Drive,,Springville,AL,35146,US,33.7823802,-86.4793075,fix_and_flip,under_construction,,,,,,,https://tools.flipperforce.com/uploads/projects/107100/streetview-400x400.jpg,"[""team_notifications"", ""analysis_dashboard"", ""estimating_dashboard"", ""accounting_dashboard"", ""leads_dashboard"", ""active_projects_dashboard"", ""portfolio_dashboard"", ""project_notes"", ""project_comps"", ""flip_analyzer"", ""rental_analyzer"", ""repair_estimator"", ""deal_analysis_reports"", ""task_manager"", ""project_scheduler"", ""project_calendar"", ""project_budgeter"", ""expense_tracker"", ""income_tracker"", ""receipts"", ""accounting_reports"", ""contacts_vendors"", ""document_manager"", ""photo_log"", ""add_project"", ""delete_project"", ""material_catalog"", ""project_progress_updates"", ""activity_log"", ""receipts_inbox""]"
85fd6677-7cea-424f-b056-30745971d96d,fcc296b5-fe8b-4b7a-9b32-d436b75f9490,2026-02-05T20:20:16Z,2026-04-03T20:34:49Z,2308 Kala Street,"2308 Kala Street, Helena, AL 35080",2308 Kala Street,,Helena,AL,35080,US,33.2720034,-86.8487935,fix_and_flip,under_construction,Single Family Residence,,1450,,2,1976,https://tools.flipperforce.com/uploads/projects/110084/streetview-400x400.jpg,"[""team_notifications"", ""analysis_dashboard"", ""estimating_dashboard"", ""accounting_dashboard"", ""leads_dashboard"", ""active_projects_dashboard"", ""portfolio_dashboard"", ""project_notes"", ""project_comps"", ""flip_analyzer"", ""rental_analyzer"", ""repair_estimator"", ""deal_analysis_reports"", ""task_manager"", ""project_scheduler"", ""project_calendar"", ""project_budgeter"", ""expense_tracker"", ""income_tracker"", ""receipts"", ""accounting_reports"", ""contacts_vendors"", ""document_manager"", ""photo_log"", ""add_project"", ""delete_project"", ""material_catalog"", ""project_progress_updates"", ""activity_log"", ""receipts_inbox""]"
a051bc40-e672-4482-b10b-2ddee7bd5dd9,fcc296b5-fe8b-4b7a-9b32-d436b75f9490,2026-01-21T17:16:25Z,2026-04-03T14:18:53Z,1645 Barrington Lane Northeast,"1645 Barrington Lane Northeast, Center Point, AL 35215",1645 Barrington Lane Northeast,,Center Point,AL,35215,US,33.6265353,-86.6734519,fix_and_flip,punch_list,Single Family Residence,,920,3,1,1963,https://tools.flipperforce.com/uploads/projects/109141/streetview-400x400.jpg,"[""team_notifications"", ""analysis_dashboard"", ""estimating_dashboard"", ""accounting_dashboard"", ""leads_dashboard"", ""active_projects_dashboard"", ""portfolio_dashboard"", ""project_notes"", ""project_comps"", ""flip_analyzer"", ""rental_analyzer"", ""repair_estimator"", ""deal_analysis_reports"", ""task_manager"", ""project_scheduler"", ""project_calendar"", ""project_budgeter"", ""expense_tracker"", ""income_tracker"", ""receipts"", ""accounting_reports"", ""contacts_vendors"", ""document_manager"", ""photo_log"", ""add_project"", ""delete_project"", ""material_catalog"", ""project_progress_updates"", ""activity_log"", ""receipts_inbox""]"
23719392-bb88-4166-8212-eb41dc4bb335,fcc296b5-fe8b-4b7a-9b32-d436b75f9490,2026-01-13T22:30:27Z,2026-04-03T13:55:56Z,316 Willow Glen Court,"316 Willow Glen Court, Alabaster, AL 35007",316 Willow Glen Court,,Alabaster,AL,35007,US,33.1963895,-86.8384616,fix_and_flip,active_listing,Single Family Residence,,1590,3,2,1984,https://tools.flipperforce.com/uploads/projects/108735/streetview-400x400.jpg,"[""team_notifications"", ""analysis_dashboard"", ""estimating_dashboard"", ""accounting_dashboard"", ""leads_dashboard"", ""active_projects_dashboard"", ""portfolio_dashboard"", ""project_notes"", ""project_comps"", ""flip_analyzer"", ""rental_analyzer"", ""repair_estimator"", ""deal_analysis_reports"", ""task_manager"", ""project_scheduler"", ""project_calendar"", ""project_budgeter"", ""expense_tracker"", ""income_tracker"", ""receipts"", ""accounting_reports"", ""contacts_vendors"", ""document_manager"", ""photo_log"", ""add_project"", ""delete_project"", ""material_catalog"", ""project_progress_updates"", ""activity_log"", ""receipts_inbox""]"
53ef857c-902c-4a72-9289-f1ea49b94a0d,fcc296b5-fe8b-4b7a-9b32-d436b75f9490,2025-05-08T14:37:22Z,2026-04-02T12:59:59Z,4924 Branch Mill Circle,"4924 Branch Mill Circle, Birmingham, AL 35223",4924 Branch Mill Circle,,Birmingham,AL,35223,US,33.5120472,-86.6932029,fix_and_flip,pending_sale,Single Family,,3574,5,4,1976,https://tools.flipperforce.com/uploads/projects/94531/RU8Qy3YfiRspcj2PpIQr1k4effpneKjHTebhXC3F-600x450.jpg,"[""team_notifications"", ""analysis_dashboard"", ""estimating_dashboard"", ""accounting_dashboard"", ""leads_dashboard"", ""active_projects_dashboard"", ""portfolio_dashboard"", ""project_notes"", ""project_comps"", ""flip_analyzer"", ""rental_analyzer"", ""repair_estimator"", ""deal_analysis_reports"", ""task_manager"", ""project_scheduler"", ""project_calendar"", ""project_budgeter"", ""expense_tracker"", ""income_tracker"", ""receipts"", ""accounting_reports"", ""contacts_vendors"", ""document_manager"", ""photo_log"", ""add_project"", ""delete_project"", ""material_catalog"", ""project_progress_updates"", ""activity_log"", ""receipts_inbox""]"
8a766eac-361d-4d85-9568-f197c67cbf64,fcc296b5-fe8b-4b7a-9b32-d436b75f9490,2025-07-11T14:40:28Z,2026-04-02T12:59:22Z,3618 Haven View Circle,"3618 Haven View Circle, Birmingham, AL 35216",3618 Haven View Circle,,Birmingham,AL,35216,US,33.4053554,-86.7729799,fix_and_flip,pending_sale,townhouse,TownHouse,1846,3,2,1972,https://tools.flipperforce.com/uploads/projects/97822/LU2Hbv4vmuom5ZHoRDlIlwvn2QZGEosKlgGPjNM3-600x450.jpg,"[""team_notifications"", ""analysis_dashboard"", ""estimating_dashboard"", ""accounting_dashboard"", ""leads_dashboard"", ""active_projects_dashboard"", ""portfolio_dashboard"", ""project_notes"", ""project_comps"", ""flip_analyzer"", ""rental_analyzer"", ""repair_estimator"", ""deal_analysis_reports"", ""task_manager"", ""project_scheduler"", ""project_calendar"", ""project_budgeter"", ""expense_tracker"", ""income_tracker"", ""receipts"", ""accounting_reports"", ""contacts_vendors"", ""document_manager"", ""photo_log"", ""add_project"", ""delete_project"", ""material_catalog"", ""project_progress_updates"", ""activity_log"", ""receipts_inbox""]"
4eb356e4-8643-4da3-bf6f-cc3248dc373b,fcc296b5-fe8b-4b7a-9b32-d436b75f9490,2024-11-13T17:00:33Z,2026-04-02T12:59:08Z,3348 Overton Road,"3348 Overton Road, Birmingham, AL 35223",3348 Overton Road,,Birmingham,AL,35223,US,33.475714,-86.726252,fix_and_flip,active_listing,Single Family,,1756,4,2,1968,https://tools.flipperforce.com/uploads/projects/84637/streetview-400x400.jpg,"[""team_notifications"", ""analysis_dashboard"", ""estimating_dashboard"", ""accounting_dashboard"", ""leads_dashboard"", ""active_projects_dashboard"", ""portfolio_dashboard"", ""project_notes"", ""project_comps"", ""flip_analyzer"", ""rental_analyzer"", ""repair_estimator"", ""deal_analysis_reports"", ""task_manager"", ""project_scheduler"", ""project_calendar"", ""project_budgeter"", ""expense_tracker"", ""income_tracker"", ""receipts"", ""accounting_reports"", ""contacts_vendors"", ""document_manager"", ""photo_log"", ""add_project"", ""delete_project"", ""material_catalog"", ""project_progress_updates"", ""activity_log"", ""receipts_inbox""]"
d718a1aa-5c9a-4981-bd3d-5ef4abb73cf8,fcc296b5-fe8b-4b7a-9b32-d436b75f9490,2025-11-11T21:35:41Z,2026-04-02T12:59:07Z,5551 Timber Hill Road,"5551 Timber Hill Road, Birmingham, AL 35242",5551 Timber Hill Road,,Birmingham,AL,35242,US,33.354691,-86.7317072,fix_and_flip,active_listing,Single Family,,3818,4,3,1989,https://tools.flipperforce.com/uploads/projects/105286/streetview-400x400.jpg,"[""team_notifications"", ""analysis_dashboard"", ""estimating_dashboard"", ""accounting_dashboard"", ""leads_dashboard"", ""active_projects_dashboard"", ""portfolio_dashboard"", ""project_notes"", ""project_comps"", ""flip_analyzer"", ""rental_analyzer"", ""repair_estimator"", ""deal_analysis_reports"", ""task_manager"", ""project_scheduler"", ""project_calendar"", ""project_budgeter"", ""expense_tracker"", ""income_tracker"", ""receipts"", ""accounting_reports"", ""contacts_vendors"", ""document_manager"", ""photo_log"", ""add_project"", ""delete_project"", ""material_catalog"", ""project_progress_updates"", ""activity_log"", ""receipts_inbox""]"
d2fc6494-9465-4056-a7df-049bd31db888,fcc296b5-fe8b-4b7a-9b32-d436b75f9490,2026-01-26T19:48:43Z,2026-04-01T20:58:33Z,6094 Steeple Chase Drive,"6094 Steeple Chase Drive, Pinson, AL 35126",6094 Steeple Chase Drive,,Pinson,AL,35126,US,33.6890892,-86.6145907,fix_and_flip,lead,Single Family Residence,,2433,4,3,1991,https://tools.flipperforce.com/uploads/projects/109438/streetview-400x400.jpg,"[""team_notifications"", ""analysis_dashboard"", ""estimating_dashboard"", ""accounting_dashboard"", ""leads_dashboard"", ""active_projects_dashboard"", ""portfolio_dashboard"", ""project_notes"", ""project_comps"", ""flip_analyzer"", ""rental_analyzer"", ""repair_estimator"", ""deal_analysis_reports"", ""task_manager"", ""project_scheduler"", ""project_calendar"", ""project_budgeter"", ""expense_tracker"", ""income_tracker"", ""receipts"", ""accounting_reports"", ""contacts_vendors"", ""document_manager"", ""photo_log"", ""add_project"", ""delete_project"", ""material_catalog"", ""project_progress_updates"", ""activity_log"", ""receipts_inbox""]"
a6541d8c-a09e-4f0c-be58-584f064e61fe,fcc296b5-fe8b-4b7a-9b32-d436b75f9490,2026-03-24T18:44:41Z,2026-04-01T20:54:24Z,5400 J R Drive,"5400 J R Drive, Birmingham, AL 35235",5400 J R Drive,,Birmingham,AL,35235,US,33.6541121,-86.6389656,fix_and_flip,pending_purchase,,,,,,,https://tools.flipperforce.com/uploads/projects/112720/streetview-400x400.jpg,"[""team_notifications"", ""analysis_dashboard"", ""estimating_dashboard"", ""accounting_dashboard"", ""leads_dashboard"", ""active_projects_dashboard"", ""portfolio_dashboard"", ""project_notes"", ""project_comps"", ""flip_analyzer"", ""rental_analyzer"", ""repair_estimator"", ""deal_analysis_reports"", ""task_manager"", ""project_scheduler"", ""project_calendar"", ""project_budgeter"", ""expense_tracker"", ""income_tracker"", ""receipts"", ""accounting_reports"", ""contacts_vendors"", ""document_manager"", ""photo_log"", ""add_project"", ""delete_project"", ""material_catalog"", ""project_progress_updates"", ""activity_log"", ""receipts_inbox""]"
e5b58b46-4987-4794-9587-b1c96b858317,fcc296b5-fe8b-4b7a-9b32-d436b75f9490,2025-12-05T19:17:14Z,2026-03-27T21:19:23Z,3834 County Road 11,"3834 County Road 11, Pelham, AL 35124",3834 County Road 11,,Pelham,AL,35124,US,33.2819015,-86.7750639,fix_and_flip,under_construction,,,,,,,https://tools.flipperforce.com/uploads/projects/106749/streetview-400x400.jpg,"[""team_notifications"", ""analysis_dashboard"", ""estimating_dashboard"", ""accounting_dashboard"", ""leads_dashboard"", ""active_projects_dashboard"", ""portfolio_dashboard"", ""project_notes"", ""project_comps"", ""flip_analyzer"", ""rental_analyzer"", ""repair_estimator"", ""deal_analysis_reports"", ""task_manager"", ""project_scheduler"", ""project_calendar"", ""project_budgeter"", ""expense_tracker"", ""income_tracker"", ""receipts"", ""accounting_reports"", ""contacts_vendors"", ""document_manager"", ""photo_log"", ""add_project"", ""delete_project"", ""material_catalog"", ""project_progress_updates"", ""activity_log"", ""receipts_inbox""]"
bd4d44a9-d742-405e-ae4a-e69c65754b5b,fcc296b5-fe8b-4b7a-9b32-d436b75f9490,2026-03-20T17:46:12Z,2026-03-25T19:58:44Z,2513 7th Street Northeast,"2513 7th Street Northeast, Center Point, AL 35215",2513 7th Street Northeast,,Center Point,AL,35215,US,33.6511404,-86.6698102,fix_and_flip,pending_purchase,Single Family Residence,,1150,3,1,1958,https://tools.flipperforce.com/uploads/projects/112536/streetview-400x400.jpg,"[""team_notifications"", ""analysis_dashboard"", ""estimating_dashboard"", ""accounting_dashboard"", ""leads_dashboard"", ""active_projects_dashboard"", ""portfolio_dashboard"", ""project_notes"", ""project_comps"", ""flip_analyzer"", ""rental_analyzer"", ""repair_estimator"", ""deal_analysis_reports"", ""task_manager"", ""project_scheduler"", ""project_calendar"", ""project_budgeter"", ""expense_tracker"", ""income_tracker"", ""receipts"", ""accounting_reports"", ""contacts_vendors"", ""document_manager"", ""photo_log"", ""add_project"", ""delete_project"", ""material_catalog"", ""project_progress_updates"", ""activity_log"", ""receipts_inbox""]"
dad13c43-c304-4e2c-997a-a4619fe92757,fcc296b5-fe8b-4b7a-9b32-d436b75f9490,2025-06-13T21:23:58Z,2026-03-24T18:52:23Z,1792 Whitmire Street,"1792 Whitmire Street, Leeds, AL 35094",1792 Whitmire Street,,Leeds,AL,35094,US,33.5485812,-86.5374355,new_construction,construction_on_hold,,,,,,,https://tools.flipperforce.com/uploads/projects/96533/streetview-400x400.jpg,"[""team_notifications"", ""analysis_dashboard"", ""estimating_dashboard"", ""accounting_dashboard"", ""leads_dashboard"", ""active_projects_dashboard"", ""portfolio_dashboard"", ""project_notes"", ""project_comps"", ""flip_analyzer"", ""rental_analyzer"", ""repair_estimator"", ""deal_analysis_reports"", ""task_manager"", ""project_scheduler"", ""project_calendar"", ""project_budgeter"", ""expense_tracker"", ""income_tracker"", ""receipts"", ""accounting_reports"", ""contacts_vendors"", ""document_manager"", ""photo_log"", ""add_project"", ""delete_project"", ""material_catalog"", ""project_progress_updates"", ""activity_log"", ""receipts_inbox""]"
0be6b39b-e996-4206-9fdd-22acf9f030c8,fcc296b5-fe8b-4b7a-9b32-d436b75f9490,2025-03-05T17:45:39Z,2026-03-24T18:52:11Z,9311 Dunnavant Valley Road,"9311 Dunnavant Valley Road, Leeds, AL 35094",9311 Dunnavant Valley Road,,Leeds,AL,35094,US,33.4769951,-86.573914,fix_and_flip,active_listing,,,,,,,https://tools.flipperforce.com/uploads/projects/90669/streetview-400x400.jpg,"[""team_notifications"", ""analysis_dashboard"", ""estimating_dashboard"", ""accounting_dashboard"", ""leads_dashboard"", ""active_projects_dashboard"", ""portfolio_dashboard"", ""project_notes"", ""project_comps"", ""flip_analyzer"", ""rental_analyzer"", ""repair_estimator"", ""deal_analysis_reports"", ""task_manager"", ""project_scheduler"", ""project_calendar"", ""project_budgeter"", ""expense_tracker"", ""income_tracker"", ""receipts"", ""accounting_reports"", ""contacts_vendors"", ""document_manager"", ""photo_log"", ""add_project"", ""delete_project"", ""material_catalog"", ""project_progress_updates"", ""activity_log"", ""receipts_inbox""]"
611ad975-5095-4001-b1f1-d195b71f9692,fcc296b5-fe8b-4b7a-9b32-d436b75f9490,2025-04-07T20:00:22Z,2026-03-24T18:49:12Z,1557 Napoleon Drive,"1557 Napoleon Drive, Alabaster, AL 35007",1557 Napoleon Drive,,Alabaster,AL,35007,US,33.2667586,-86.8258758,fix_and_flip,construction_on_hold,Single Family,,1804,4,2,1975,https://tools.flipperforce.com/uploads/projects/92711/streetview-400x400.jpg,"[""team_notifications"", ""analysis_dashboard"", ""estimating_dashboard"", ""accounting_dashboard"", ""leads_dashboard"", ""active_projects_dashboard"", ""portfolio_dashboard"", ""project_notes"", ""project_comps"", ""flip_analyzer"", ""rental_analyzer"", ""repair_estimator"", ""deal_analysis_reports"", ""task_manager"", ""project_scheduler"", ""project_calendar"", ""project_budgeter"", ""expense_tracker"", ""income_tracker"", ""receipts"", ""accounting_reports"", ""contacts_vendors"", ""document_manager"", ""photo_log"", ""add_project"", ""delete_project"", ""material_catalog"", ""project_progress_updates"", ""activity_log"", ""receipts_inbox""]"
3cd2a0a2-b5b8-494e-952c-c95529f586ce,fcc296b5-fe8b-4b7a-9b32-d436b75f9490,2025-04-15T18:45:04Z,2026-03-17T21:04:04Z,3012 2nd Street,"3012 2nd Street, Trussville, AL 35173",3012 2nd Street,,Trussville,AL,35173,US,33.5908762,-86.6141529,fix_and_flip,completed_portfolio,Single Family,,1100,3,1,1980,https://tools.flipperforce.com/uploads/projects/93199/streetview-400x400.jpg,"[""team_notifications"", ""analysis_dashboard"", ""estimating_dashboard"", ""accounting_dashboard"", ""leads_dashboard"", ""active_projects_dashboard"", ""portfolio_dashboard"", ""project_notes"", ""project_comps"", ""flip_analyzer"", ""rental_analyzer"", ""repair_estimator"", ""deal_analysis_reports"", ""task_manager"", ""project_scheduler"", ""project_calendar"", ""project_budgeter"", ""expense_tracker"", ""income_tracker"", ""receipts"", ""accounting_reports"", ""contacts_vendors"", ""document_manager"", ""photo_log"", ""add_project"", ""delete_project"", ""material_catalog"", ""project_progress_updates"", ""activity_log"", ""receipts_inbox""]"
1df685fc-17ab-4eba-9c6f-b91ba65a0783,fcc296b5-fe8b-4b7a-9b32-d436b75f9490,2026-03-12T17:45:06Z,2026-03-17T13:06:52Z,828 Jeffery Lane,"828 Jeffery Lane, Birmingham, AL 35235",828 Jeffery Lane,,Birmingham,AL,35235,US,33.5962864,-86.6771264,fix_and_flip,pending_purchase,Single Family Residence,,1896,3,2,1963,https://tools.flipperforce.com/uploads/projects/112076/streetview-400x400.jpg,"[""team_notifications"", ""analysis_dashboard"", ""estimating_dashboard"", ""accounting_dashboard"", ""leads_dashboard"", ""active_projects_dashboard"", ""portfolio_dashboard"", ""project_notes"", ""project_comps"", ""flip_analyzer"", ""rental_analyzer"", ""repair_estimator"", ""deal_analysis_reports"", ""task_manager"", ""project_scheduler"", ""project_calendar"", ""project_budgeter"", ""expense_tracker"", ""income_tracker"", ""receipts"", ""accounting_reports"", ""contacts_vendors"", ""document_manager"", ""photo_log"", ""add_project"", ""delete_project"", ""material_catalog"", ""project_progress_updates"", ""activity_log"", ""receipts_inbox""]"
05df5cef-191e-4fd6-9d59-8be6afa1ea1e,fcc296b5-fe8b-4b7a-9b32-d436b75f9490,2026-03-04T18:26:30Z,2026-03-17T13:06:28Z,82 County Road 874,"82 County Road 874, Jemison, AL 35085",82 County Road 874,,Jemison,AL,35085,US,32.9796238,-86.740833,fix_and_flip,pending_purchase,Mobile Home,,1560,,1,1972,https://tools.flipperforce.com/uploads/projects/111618/streetview-400x400.jpg,"[""team_notifications"", ""analysis_dashboard"", ""estimating_dashboard"", ""accounting_dashboard"", ""leads_dashboard"", ""active_projects_dashboard"", ""portfolio_dashboard"", ""project_notes"", ""project_comps"", ""flip_analyzer"", ""rental_analyzer"", ""repair_estimator"", ""deal_analysis_reports"", ""task_manager"", ""project_scheduler"", ""project_calendar"", ""project_budgeter"", ""expense_tracker"", ""income_tracker"", ""receipts"", ""accounting_reports"", ""contacts_vendors"", ""document_manager"", ""photo_log"", ""add_project"", ""delete_project"", ""material_catalog"", ""project_progress_updates"", ""activity_log"", ""receipts_inbox""]"
e07f7269-069d-40e9-8cbb-2ef30915ba80,fcc296b5-fe8b-4b7a-9b32-d436b75f9490,2025-10-13T13:34:16Z,2026-03-16T14:09:22Z,1939 Westridge Drive,"1939 Westridge Drive, Birmingham, AL 35235",1939 Westridge Drive,,Birmingham,AL,35235,US,33.6337245,-86.6571532,fix_and_flip,pending_sale,Single Family,,1277,3,2,1977,https://tools.flipperforce.com/uploads/projects/103286/streetview-400x400.jpg,"[""team_notifications"", ""analysis_dashboard"", ""estimating_dashboard"", ""accounting_dashboard"", ""leads_dashboard"", ""active_projects_dashboard"", ""portfolio_dashboard"", ""project_notes"", ""project_comps"", ""flip_analyzer"", ""rental_analyzer"", ""repair_estimator"", ""deal_analysis_reports"", ""task_manager"", ""project_scheduler"", ""project_calendar"", ""project_budgeter"", ""expense_tracker"", ""income_tracker"", ""receipts"", ""accounting_reports"", ""contacts_vendors"", ""document_manager"", ""photo_log"", ""add_project"", ""delete_project"", ""material_catalog"", ""project_progress_updates"", ""activity_log"", ""receipts_inbox""]"
a26c919b-1469-4670-aed9-fc6443d91b65,fcc296b5-fe8b-4b7a-9b32-d436b75f9490,2025-04-17T23:11:54Z,2026-03-16T14:08:55Z,640 Griffin Road,"640 Griffin Road, Chelsea, AL 35043",640 Griffin Road,,Chelsea,AL,35043,US,33.27547,-86.708205,fix_and_flip,pending_sale,Single Family,,1786,,2,1981,https://tools.flipperforce.com/uploads/projects/93342/7Uh94tZjx6xmxLQwcskCpsgu6T5WFkohwrMNmrq7-600x338.jpg,"[""team_notifications"", ""analysis_dashboard"", ""estimating_dashboard"", ""accounting_dashboard"", ""leads_dashboard"", ""active_projects_dashboard"", ""portfolio_dashboard"", ""project_notes"", ""project_comps"", ""flip_analyzer"", ""rental_analyzer"", ""repair_estimator"", ""deal_analysis_reports"", ""task_manager"", ""project_scheduler"", ""project_calendar"", ""project_budgeter"", ""expense_tracker"", ""income_tracker"", ""receipts"", ""accounting_reports"", ""contacts_vendors"", ""document_manager"", ""photo_log"", ""add_project"", ""delete_project"", ""material_catalog"", ""project_progress_updates"", ""activity_log"", ""receipts_inbox""]"
4e8c394c-162f-470e-a6cb-8365b9a812cf,fcc296b5-fe8b-4b7a-9b32-d436b75f9490,2025-05-27T19:42:27Z,2026-03-16T14:08:49Z,335 County Road 1130,"335 County Road 1130, Cullman, AL 35057",335 County Road 1130,,Cullman,AL,35057,US,34.1964074,-86.9783825,fix_and_flip,completed_portfolio,Single Family,,1456,,1,1987,https://tools.flipperforce.com/uploads/projects/95634/streetview-400x400.jpg,"[""team_notifications"", ""analysis_dashboard"", ""estimating_dashboard"", ""accounting_dashboard"", ""leads_dashboard"", ""active_projects_dashboard"", ""portfolio_dashboard"", ""project_notes"", ""project_comps"", ""flip_analyzer"", ""rental_analyzer"", ""repair_estimator"", ""deal_analysis_reports"", ""task_manager"", ""project_scheduler"", ""project_calendar"", ""project_budgeter"", ""expense_tracker"", ""income_tracker"", ""receipts"", ""accounting_reports"", ""contacts_vendors"", ""document_manager"", ""photo_log"", ""add_project"", ""delete_project"", ""material_catalog"", ""project_progress_updates"", ""activity_log"", ""receipts_inbox""]"
f478feaa-830e-407b-aabe-31ec795ea050,fcc296b5-fe8b-4b7a-9b32-d436b75f9490,2025-10-02T14:45:37Z,2026-03-16T14:08:44Z,150 Beaver Ridge Drive,"150 Beaver Ridge Drive, Ashville, AL 35953",150 Beaver Ridge Drive,,Ashville,AL,35953,US,33.754032,-86.3225837,fix_and_flip,active_listing,Single Family,,1961,,1,1996,https://tools.flipperforce.com/uploads/projects/102564/streetview-400x400.jpg,"[""team_notifications"", ""analysis_dashboard"", ""estimating_dashboard"", ""accounting_dashboard"", ""leads_dashboard"", ""active_projects_dashboard"", ""portfolio_dashboard"", ""project_notes"", ""project_comps"", ""flip_analyzer"", ""rental_analyzer"", ""repair_estimator"", ""deal_analysis_reports"", ""task_manager"", ""project_scheduler"", ""project_calendar"", ""project_budgeter"", ""expense_tracker"", ""income_tracker"", ""receipts"", ""accounting_reports"", ""contacts_vendors"", ""document_manager"", ""photo_log"", ""add_project"", ""delete_project"", ""material_catalog"", ""project_progress_updates"", ""activity_log"", ""receipts_inbox""]"
8bb2e4ba-f0f8-4380-9877-7ca15e5816a7,fcc296b5-fe8b-4b7a-9b32-d436b75f9490,2025-02-21T17:01:31Z,2026-03-16T14:08:21Z,5557 Dry Creek Road,"5557 Dry Creek Road, Cropwell, AL 35054",5557 Dry Creek Road,,Cropwell,AL,35054,US,33.5586849,-86.3232743,fix_and_flip,pending_sale,,,,,,,https://tools.flipperforce.com/uploads/projects/89817/streetview-400x400.jpg,"[""team_notifications"", ""analysis_dashboard"", ""estimating_dashboard"", ""accounting_dashboard"", ""leads_dashboard"", ""active_projects_dashboard"", ""portfolio_dashboard"", ""project_notes"", ""project_comps"", ""flip_analyzer"", ""rental_analyzer"", ""repair_estimator"", ""deal_analysis_reports"", ""task_manager"", ""project_scheduler"", ""project_calendar"", ""project_budgeter"", ""expense_tracker"", ""income_tracker"", ""receipts"", ""accounting_reports"", ""contacts_vendors"", ""document_manager"", ""photo_log"", ""add_project"", ""delete_project"", ""material_catalog"", ""project_progress_updates"", ""activity_log"", ""receipts_inbox""]"
876d1d4c-506c-4b2c-8978-6d52f94c851f,fcc296b5-fe8b-4b7a-9b32-d436b75f9490,2025-03-06T22:41:49Z,2026-03-16T14:08:17Z,205 Mashburn Drive,"205 Mashburn Drive, Odenville, AL 35120",205 Mashburn Drive,,Odenville,AL,35120,US,33.6615733,-86.4006598,fix_and_flip,completed_portfolio,Mobile/Manufactured Home,Mobile/Manufactured,2042,3,,1997,https://tools.flipperforce.com/uploads/projects/90754/streetview-400x400.jpg,"[""team_notifications"", ""analysis_dashboard"", ""estimating_dashboard"", ""accounting_dashboard"", ""leads_dashboard"", ""active_projects_dashboard"", ""portfolio_dashboard"", ""project_notes"", ""project_comps"", ""flip_analyzer"", ""rental_analyzer"", ""repair_estimator"", ""deal_analysis_reports"", ""task_manager"", ""project_scheduler"", ""project_calendar"", ""project_budgeter"", ""expense_tracker"", ""income_tracker"", ""receipts"", ""accounting_reports"", ""contacts_vendors"", ""document_manager"", ""photo_log"", ""add_project"", ""delete_project"", ""material_catalog"", ""project_progress_updates"", ""activity_log"", ""receipts_inbox""]"
06afdfcc-76b0-43f3-94f3-cc0578f27925,fcc296b5-fe8b-4b7a-9b32-d436b75f9490,2025-02-07T19:48:23Z,2026-02-27T15:51:35Z,1008 Springhill Lane,"1008 Springhill Lane, Birmingham, AL 35242",1008 Springhill Lane,,Birmingham,AL,35242,US,33.396969,-86.654727,fix_and_flip,completed_portfolio,Single Family,,5112,3,3,1990,https://tools.flipperforce.com/uploads/projects/88938/t2hy6hcGEYUL54XNZ5bAGZRDlqeq8zYaheELyF0D-600x450.jpg,"[""team_notifications"", ""analysis_dashboard"", ""estimating_dashboard"", ""accounting_dashboard"", ""leads_dashboard"", ""active_projects_dashboard"", ""portfolio_dashboard"", ""project_notes"", ""project_comps"", ""flip_analyzer"", ""rental_analyzer"", ""repair_estimator"", ""deal_analysis_reports"", ""task_manager"", ""project_scheduler"", ""project_calendar"", ""project_budgeter"", ""expense_tracker"", ""income_tracker"", ""receipts"", ""accounting_reports"", ""contacts_vendors"", ""document_manager"", ""photo_log"", ""add_project"", ""delete_project"", ""material_catalog"", ""project_progress_updates"", ""activity_log"", ""receipts_inbox""]"
75ec9daf-e9c2-4734-965a-3fccb2a8db1b,fcc296b5-fe8b-4b7a-9b32-d436b75f9490,2025-05-22T17:12:43Z,2026-02-26T19:31:55Z,2038 22nd Court South,"2038 22nd Court South, Birmingham, AL 35223",2038 22nd Court South,,Birmingham,AL,35223,US,33.490497,-86.7845568,fix_and_flip,active_listing,townhouse,TownHouse,1224,2,1,1972,https://tools.flipperforce.com/uploads/projects/95393/streetview-400x400.jpg,"[""team_notifications"", ""analysis_dashboard"", ""estimating_dashboard"", ""accounting_dashboard"", ""leads_dashboard"", ""active_projects_dashboard"", ""portfolio_dashboard"", ""project_notes"", ""project_comps"", ""flip_analyzer"", ""rental_analyzer"", ""repair_estimator"", ""deal_analysis_reports"", ""task_manager"", ""project_scheduler"", ""project_calendar"", ""project_budgeter"", ""expense_tracker"", ""income_tracker"", ""receipts"", ""accounting_reports"", ""contacts_vendors"", ""document_manager"", ""photo_log"", ""add_project"", ""delete_project"", ""material_catalog"", ""project_progress_updates"", ""activity_log"", ""receipts_inbox""]"
b3450833-466a-4ba9-bca3-6ab531f4d7d7,fcc296b5-fe8b-4b7a-9b32-d436b75f9490,2025-02-07T22:39:50Z,2026-02-20T15:47:51Z,424 County Road 3150,"424 County Road 3150, Houston, AL 35572",424 County Road 3150,,Houston,AL,35572,US,34.0816034,-87.2467552,fix_and_flip,under_construction,Single Family,,2374,3,1,1989,https://tools.flipperforce.com/uploads/projects/88948/streetview-400x400.jpg,"[""team_notifications"", ""analysis_dashboard"", ""estimating_dashboard"", ""accounting_dashboard"", ""leads_dashboard"", ""active_projects_dashboard"", ""portfolio_dashboard"", ""project_notes"", ""project_comps"", ""flip_analyzer"", ""rental_analyzer"", ""repair_estimator"", ""deal_analysis_reports"", ""task_manager"", ""project_scheduler"", ""project_calendar"", ""project_budgeter"", ""expense_tracker"", ""income_tracker"", ""receipts"", ""accounting_reports"", ""contacts_vendors"", ""document_manager"", ""photo_log"", ""add_project"", ""delete_project"", ""material_catalog"", ""project_progress_updates"", ""activity_log"", ""receipts_inbox""]"
b5508ed6-6529-4c64-9aba-580d772d1604,fcc296b5-fe8b-4b7a-9b32-d436b75f9490,2025-08-27T20:14:06Z,2026-02-20T15:45:53Z,13 Royal Coach Circle,"13 Royal Coach Circle, Bessemer, AL 35022",13 Royal Coach Circle,,Bessemer,AL,35022,US,33.3527627,-86.9976144,fix_and_flip,completed_portfolio,Single Family,,1659,3,2,1977,https://tools.flipperforce.com/uploads/projects/100394/streetview-400x400.jpg,"[""team_notifications"", ""analysis_dashboard"", ""estimating_dashboard"", ""accounting_dashboard"", ""leads_dashboard"", ""active_projects_dashboard"", ""portfolio_dashboard"", ""project_notes"", ""project_comps"", ""flip_analyzer"", ""rental_analyzer"", ""repair_estimator"", ""deal_analysis_reports"", ""task_manager"", ""project_scheduler"", ""project_calendar"", ""project_budgeter"", ""expense_tracker"", ""income_tracker"", ""receipts"", ""accounting_reports"", ""contacts_vendors"", ""document_manager"", ""photo_log"", ""add_project"", ""delete_project"", ""material_catalog"", ""project_progress_updates"", ""activity_log"", ""receipts_inbox""]"
33a9b357-e08d-4ed0-92c9-703bec286f19,fcc296b5-fe8b-4b7a-9b32-d436b75f9490,2024-11-04T15:41:48Z,2026-02-19T19:19:48Z,1788 Whitmire Street,"1788 Whitmire Street, Leeds, AL 35094",1788 Whitmire Street,,Leeds,AL,35094,US,33.5497679,-86.5377477,fix_and_flip,completed_portfolio,,,0,0,0,,https://tools.flipperforce.com/uploads/projects/84232/streetview-400x400.jpg,"[""team_notifications"", ""analysis_dashboard"", ""estimating_dashboard"", ""accounting_dashboard"", ""leads_dashboard"", ""active_projects_dashboard"", ""portfolio_dashboard"", ""project_notes"", ""project_comps"", ""flip_analyzer"", ""rental_analyzer"", ""repair_estimator"", ""deal_analysis_reports"", ""task_manager"", ""project_scheduler"", ""project_calendar"", ""project_budgeter"", ""expense_tracker"", ""income_tracker"", ""receipts"", ""accounting_reports"", ""contacts_vendors"", ""document_manager"", ""photo_log"", ""add_project"", ""delete_project"", ""material_catalog"", ""project_progress_updates"", ""activity_log"", ""receipts_inbox""]"
200d94bd-6a9a-4c25-9cce-a40066e4f345,fcc296b5-fe8b-4b7a-9b32-d436b75f9490,2025-10-24T18:14:06Z,2026-02-13T21:50:54Z,141 Deer Park Drive,"141 Deer Park Drive, Irondale, AL 35210",141 Deer Park Drive,,Irondale,AL,35210,US,33.5274488,-86.7104806,fix_and_flip,active_listing,Single Family,,1535,3,1,1964,https://tools.flipperforce.com/uploads/projects/104154/streetview-400x400.jpg,"[""team_notifications"", ""analysis_dashboard"", ""estimating_dashboard"", ""accounting_dashboard"", ""leads_dashboard"", ""active_projects_dashboard"", ""portfolio_dashboard"", ""project_notes"", ""project_comps"", ""flip_analyzer"", ""rental_analyzer"", ""repair_estimator"", ""deal_analysis_reports"", ""task_manager"", ""project_scheduler"", ""project_calendar"", ""project_budgeter"", ""expense_tracker"", ""income_tracker"", ""receipts"", ""accounting_reports"", ""contacts_vendors"", ""document_manager"", ""photo_log"", ""add_project"", ""delete_project"", ""material_catalog"", ""project_progress_updates"", ""activity_log"", ""receipts_inbox""]"
f21c3d22-c271-4a16-8a49-026aa7534605,fcc296b5-fe8b-4b7a-9b32-d436b75f9490,2026-01-26T16:38:47Z,2026-02-12T21:15:01Z,512 Tambay Drive,"512 Tambay Drive, Birmingham, AL 35217",512 Tambay Drive,,Birmingham,AL,35217,US,33.6357982,-86.7886167,new_construction,construction_on_hold,,,,,,,https://tools.flipperforce.com/uploads/projects/109416/streetview-400x400.jpg,"[""team_notifications"", ""analysis_dashboard"", ""estimating_dashboard"", ""accounting_dashboard"", ""leads_dashboard"", ""active_projects_dashboard"", ""portfolio_dashboard"", ""project_notes"", ""project_comps"", ""flip_analyzer"", ""rental_analyzer"", ""repair_estimator"", ""deal_analysis_reports"", ""task_manager"", ""project_scheduler"", ""project_calendar"", ""project_budgeter"", ""expense_tracker"", ""income_tracker"", ""receipts"", ""accounting_reports"", ""contacts_vendors"", ""document_manager"", ""photo_log"", ""add_project"", ""delete_project"", ""material_catalog"", ""project_progress_updates"", ""activity_log"", ""receipts_inbox""]"
5b68954c-7ff3-46b3-812e-27b82cad0d36,fcc296b5-fe8b-4b7a-9b32-d436b75f9490,2025-09-15T20:46:22Z,2026-02-12T21:14:11Z,706 Berkley Drive,"706 Berkley Drive, Pell City, AL 35128",706 Berkley Drive,,Pell City,AL,35128,US,33.5632143,-86.2146563,fix_and_flip,active_listing,Single Family,,1731,2,1,1984,https://tools.flipperforce.com/uploads/projects/101428/streetview-400x400.jpg,"[""team_notifications"", ""analysis_dashboard"", ""estimating_dashboard"", ""accounting_dashboard"", ""leads_dashboard"", ""active_projects_dashboard"", ""portfolio_dashboard"", ""project_notes"", ""project_comps"", ""flip_analyzer"", ""rental_analyzer"", ""repair_estimator"", ""deal_analysis_reports"", ""task_manager"", ""project_scheduler"", ""project_calendar"", ""project_budgeter"", ""expense_tracker"", ""income_tracker"", ""receipts"", ""accounting_reports"", ""contacts_vendors"", ""document_manager"", ""photo_log"", ""add_project"", ""delete_project"", ""material_catalog"", ""project_progress_updates"", ""activity_log"", ""receipts_inbox""]"
9528115b-b235-41d3-9e19-eced316fdc02,fcc296b5-fe8b-4b7a-9b32-d436b75f9490,2025-07-11T15:37:10Z,2026-02-05T20:31:47Z,2123 28th Avenue North,"2123 28th Avenue North, Hueytown, AL 35023",2123 28th Avenue North,,Hueytown,AL,35023,US,33.4275004,-86.981408,fix_and_flip,active_listing,Single Family,,1345,3,2,1968,https://tools.flipperforce.com/uploads/projects/97835/streetview-400x400.jpg,"[""team_notifications"", ""analysis_dashboard"", ""estimating_dashboard"", ""accounting_dashboard"", ""leads_dashboard"", ""active_projects_dashboard"", ""portfolio_dashboard"", ""project_notes"", ""project_comps"", ""flip_analyzer"", ""rental_analyzer"", ""repair_estimator"", ""deal_analysis_reports"", ""task_manager"", ""project_scheduler"", ""project_calendar"", ""project_budgeter"", ""expense_tracker"", ""income_tracker"", ""receipts"", ""accounting_reports"", ""contacts_vendors"", ""document_manager"", ""photo_log"", ""add_project"", ""delete_project"", ""material_catalog"", ""project_progress_updates"", ""activity_log"", ""receipts_inbox""]"
ba70216f-2e52-48b3-aea0-9ebad68e7b61,fcc296b5-fe8b-4b7a-9b32-d436b75f9490,2025-07-11T15:25:12Z,2026-02-05T20:31:43Z,312 Lehigh Road,"312 Lehigh Road, Trafford, AL 35172",312 Lehigh Road,,Trafford,AL,35172,US,33.8475703,-86.6664278,fix_and_flip,completed_portfolio,Single Family,,1746,4,2,1960,https://tools.flipperforce.com/uploads/projects/97832/streetview-400x400.jpg,"[""team_notifications"", ""analysis_dashboard"", ""estimating_dashboard"", ""accounting_dashboard"", ""leads_dashboard"", ""active_projects_dashboard"", ""portfolio_dashboard"", ""project_notes"", ""project_comps"", ""flip_analyzer"", ""rental_analyzer"", ""repair_estimator"", ""deal_analysis_reports"", ""task_manager"", ""project_scheduler"", ""project_calendar"", ""project_budgeter"", ""expense_tracker"", ""income_tracker"", ""receipts"", ""accounting_reports"", ""contacts_vendors"", ""document_manager"", ""photo_log"", ""add_project"", ""delete_project"", ""material_catalog"", ""project_progress_updates"", ""activity_log"", ""receipts_inbox""]"
8d1ed47e-b1e1-4efa-9de9-5aab791c8b4c,fcc296b5-fe8b-4b7a-9b32-d436b75f9490,2025-04-29T19:58:25Z,2026-01-14T20:54:17Z,10 Anderson Mountain Drive,"10 Anderson Mountain Drive, Odenville, AL 35120",10 Anderson Mountain Drive,,Odenville,AL,35120,US,33.667794,-86.4366761,fix_and_flip,active_listing,Single Family,,4529,,2,2002,https://tools.flipperforce.com/uploads/projects/94044/streetview-400x400.jpg,"[""team_notifications"", ""analysis_dashboard"", ""estimating_dashboard"", ""accounting_dashboard"", ""leads_dashboard"", ""active_projects_dashboard"", ""portfolio_dashboard"", ""project_notes"", ""project_comps"", ""flip_analyzer"", ""rental_analyzer"", ""repair_estimator"", ""deal_analysis_reports"", ""task_manager"", ""project_scheduler"", ""project_calendar"", ""project_budgeter"", ""expense_tracker"", ""income_tracker"", ""receipts"", ""accounting_reports"", ""contacts_vendors"", ""document_manager"", ""photo_log"", ""add_project"", ""delete_project"", ""material_catalog"", ""project_progress_updates"", ""activity_log"", ""receipts_inbox""]"
bd04cbf5-a042-4729-a8f9-6df34d23458d,fcc296b5-fe8b-4b7a-9b32-d436b75f9490,2025-04-24T20:58:10Z,2026-01-05T18:39:13Z,294 Heritage Drive,"294 Heritage Drive, Springville, AL 35146",294 Heritage Drive,,Springville,AL,35146,US,33.7726148,-86.5093214,fix_and_flip,active_listing,Single Family,,2617,4,2,1995,https://tools.flipperforce.com/uploads/projects/93788/streetview-400x400.jpg,"[""team_notifications"", ""analysis_dashboard"", ""estimating_dashboard"", ""accounting_dashboard"", ""leads_dashboard"", ""active_projects_dashboard"", ""portfolio_dashboard"", ""project_notes"", ""project_comps"", ""flip_analyzer"", ""rental_analyzer"", ""repair_estimator"", ""deal_analysis_reports"", ""task_manager"", ""project_scheduler"", ""project_calendar"", ""project_budgeter"", ""expense_tracker"", ""income_tracker"", ""receipts"", ""accounting_reports"", ""contacts_vendors"", ""document_manager"", ""photo_log"", ""add_project"", ""delete_project"", ""material_catalog"", ""project_progress_updates"", ""activity_log"", ""receipts_inbox""]"
d5dad94a-62d8-4650-8657-ad8beaad45c9,fcc296b5-fe8b-4b7a-9b32-d436b75f9490,2025-07-11T17:01:19Z,2026-01-02T18:20:26Z,690 Idlewild Circle,"690 Idlewild Circle, Birmingham, AL 35205",690 Idlewild Circle,,Birmingham,AL,35205,US,33.4898333,-86.8149903,fix_and_flip,completed_portfolio,townhouse,TownHouse,1965,3,2,1979,https://tools.flipperforce.com/uploads/projects/97843/streetview-400x400.jpg,"[""team_notifications"", ""analysis_dashboard"", ""estimating_dashboard"", ""accounting_dashboard"", ""leads_dashboard"", ""active_projects_dashboard"", ""portfolio_dashboard"", ""project_notes"", ""project_comps"", ""flip_analyzer"", ""rental_analyzer"", ""repair_estimator"", ""deal_analysis_reports"", ""task_manager"", ""project_scheduler"", ""project_calendar"", ""project_budgeter"", ""expense_tracker"", ""income_tracker"", ""receipts"", ""accounting_reports"", ""contacts_vendors"", ""document_manager"", ""photo_log"", ""add_project"", ""delete_project"", ""material_catalog"", ""project_progress_updates"", ""activity_log"", ""receipts_inbox""]"
dc33447d-909d-4d5f-b413-2030271b08b6,fcc296b5-fe8b-4b7a-9b32-d436b75f9490,2025-06-18T14:41:07Z,2026-01-02T18:09:14Z,2401 16th Street,"2401 16th Street, Calera, AL 35040",2401 16th Street,,Calera,AL,35040,US,33.0928421,-86.7563235,fix_and_flip,active_listing,Single Family,,1445,,2,1966,https://tools.flipperforce.com/uploads/projects/96717/streetview-400x400.jpg,"[""team_notifications"", ""analysis_dashboard"", ""estimating_dashboard"", ""accounting_dashboard"", ""leads_dashboard"", ""active_projects_dashboard"", ""portfolio_dashboard"", ""project_notes"", ""project_comps"", ""flip_analyzer"", ""rental_analyzer"", ""repair_estimator"", ""deal_analysis_reports"", ""task_manager"", ""project_scheduler"", ""project_calendar"", ""project_budgeter"", ""expense_tracker"", ""income_tracker"", ""receipts"", ""accounting_reports"", ""contacts_vendors"", ""document_manager"", ""photo_log"", ""add_project"", ""delete_project"", ""material_catalog"", ""project_progress_updates"", ""activity_log"", ""receipts_inbox""]"
badf4b49-7e43-4996-a2ba-b38a78e511b3,fcc296b5-fe8b-4b7a-9b32-d436b75f9490,2025-08-06T19:54:42Z,2026-01-02T18:08:47Z,3018 Old Stone Drive,"3018 Old Stone Drive, Birmingham, AL 35242",3018 Old Stone Drive,,Birmingham,AL,35242,US,33.4055184,-86.7205443,fix_and_flip,completed_portfolio,townhouse,TownHouse,1740,,2,1979,https://tools.flipperforce.com/uploads/projects/99267/streetview-400x400.jpg,"[""team_notifications"", ""analysis_dashboard"", ""estimating_dashboard"", ""accounting_dashboard"", ""leads_dashboard"", ""active_projects_dashboard"", ""portfolio_dashboard"", ""project_notes"", ""project_comps"", ""flip_analyzer"", ""rental_analyzer"", ""repair_estimator"", ""deal_analysis_reports"", ""task_manager"", ""project_scheduler"", ""project_calendar"", ""project_budgeter"", ""expense_tracker"", ""income_tracker"", ""receipts"", ""accounting_reports"", ""contacts_vendors"", ""document_manager"", ""photo_log"", ""add_project"", ""delete_project"", ""material_catalog"", ""project_progress_updates"", ""activity_log"", ""receipts_inbox""]"
c9b44bf5-ba37-4a21-b412-d0d0b3809810,fcc296b5-fe8b-4b7a-9b32-d436b75f9490,2025-03-13T16:00:48Z,2025-11-03T16:47:48Z,3249 Wagon Gap Trail,"3249 Wagon Gap Trail, Vestavia Hills, AL 35216",3249 Wagon Gap Trail,,Vestavia Hills,AL,35216,US,33.4087538,-86.7866073,fix_and_flip,completed_portfolio,Single Family,,1549,4,2,1964,https://tools.flipperforce.com/uploads/projects/91106/streetview-400x400.jpg,"[""team_notifications"", ""analysis_dashboard"", ""estimating_dashboard"", ""accounting_dashboard"", ""leads_dashboard"", ""active_projects_dashboard"", ""portfolio_dashboard"", ""project_notes"", ""project_comps"", ""flip_analyzer"", ""rental_analyzer"", ""repair_estimator"", ""deal_analysis_reports"", ""task_manager"", ""project_scheduler"", ""project_calendar"", ""project_budgeter"", ""expense_tracker"", ""income_tracker"", ""receipts"", ""accounting_reports"", ""contacts_vendors"", ""document_manager"", ""photo_log"", ""add_project"", ""delete_project"", ""material_catalog"", ""project_progress_updates"", ""activity_log"", ""receipts_inbox""]"
081e4c4e-f120-4e0d-a5c2-870682ca02d5,fcc296b5-fe8b-4b7a-9b32-d436b75f9490,2025-03-03T21:32:28Z,2025-08-22T20:26:19Z,7104 Claymont Drive,"7104 Claymont Drive, Pinson, AL 35126",7104 Claymont Drive,,Pinson,AL,35126,US,33.710344,-86.612556,fix_and_flip,completed_portfolio,Single Family,,1523,3,2,1978,https://tools.flipperforce.com/uploads/projects/90543/streetview-400x400.jpg,"[""team_notifications"", ""analysis_dashboard"", ""estimating_dashboard"", ""accounting_dashboard"", ""leads_dashboard"", ""active_projects_dashboard"", ""portfolio_dashboard"", ""project_notes"", ""project_comps"", ""flip_analyzer"", ""rental_analyzer"", ""repair_estimator"", ""deal_analysis_reports"", ""task_manager"", ""project_scheduler"", ""project_calendar"", ""project_budgeter"", ""expense_tracker"", ""income_tracker"", ""receipts"", ""accounting_reports"", ""contacts_vendors"", ""document_manager"", ""photo_log"", ""add_project"", ""delete_project"", ""material_catalog"", ""project_progress_updates"", ""activity_log"", ""receipts_inbox""]"
9e1b5181-ff76-4837-9c2b-b1d1c3d5c2a2,fcc296b5-fe8b-4b7a-9b32-d436b75f9490,2025-03-05T18:08:38Z,2025-07-16T17:35:34Z,3535 Deerfield Drive,"3535 Deerfield Drive, Birmingham, AL 35226",3535 Deerfield Drive,,Birmingham,AL,35226,US,33.3714306,-86.8418649,fix_and_flip,completed_portfolio,Single Family,,1869,4,2,1977,https://tools.flipperforce.com/uploads/projects/90670/streetview-400x400.jpg,"[""team_notifications"", ""analysis_dashboard"", ""estimating_dashboard"", ""accounting_dashboard"", ""leads_dashboard"", ""active_projects_dashboard"", ""portfolio_dashboard"", ""project_notes"", ""project_comps"", ""flip_analyzer"", ""rental_analyzer"", ""repair_estimator"", ""deal_analysis_reports"", ""task_manager"", ""project_scheduler"", ""project_calendar"", ""project_budgeter"", ""expense_tracker"", ""income_tracker"", ""receipts"", ""accounting_reports"", ""contacts_vendors"", ""document_manager"", ""photo_log"", ""add_project"", ""delete_project"", ""material_catalog"", ""project_progress_updates"", ""activity_log"", ""receipts_inbox""]"
63bca547-7061-4278-ae74-f1a0c8a72885,fcc296b5-fe8b-4b7a-9b32-d436b75f9490,2024-11-25T18:39:40Z,2025-07-16T17:35:21Z,5381 Park Side Circle,"5381 Park Side Circle, Birmingham, AL 35244",5381 Park Side Circle,,Birmingham,AL,35244,US,33.3510772,-86.8874791,fix_and_flip,completed_portfolio,Single Family,,1545,4,1,2011,https://tools.flipperforce.com/uploads/projects/85316/streetview-400x400.jpg,"[""team_notifications"", ""analysis_dashboard"", ""estimating_dashboard"", ""accounting_dashboard"", ""leads_dashboard"", ""active_projects_dashboard"", ""portfolio_dashboard"", ""project_notes"", ""project_comps"", ""flip_analyzer"", ""rental_analyzer"", ""repair_estimator"", ""deal_analysis_reports"", ""task_manager"", ""project_scheduler"", ""project_calendar"", ""project_budgeter"", ""expense_tracker"", ""income_tracker"", ""receipts"", ""accounting_reports"", ""contacts_vendors"", ""document_manager"", ""photo_log"", ""add_project"", ""delete_project"", ""material_catalog"", ""project_progress_updates"", ""activity_log"", ""receipts_inbox""]"
48607760-574c-4bd7-b37c-be6b820eeb48,fcc296b5-fe8b-4b7a-9b32-d436b75f9490,2025-01-27T18:28:22Z,2025-06-16T13:51:35Z,157 Sweetgum Lane,"157 Sweetgum Lane, Odenville, AL 35120",157 Sweetgum Lane,,Odenville,AL,35120,US,33.6924432,-86.4983909,fix_and_flip,completed_portfolio,Single Family,,1444,,1,1974,https://tools.flipperforce.com/uploads/projects/88178/streetview-600x450.jpg,"[""team_notifications"", ""analysis_dashboard"", ""estimating_dashboard"", ""accounting_dashboard"", ""leads_dashboard"", ""active_projects_dashboard"", ""portfolio_dashboard"", ""project_notes"", ""project_comps"", ""flip_analyzer"", ""rental_analyzer"", ""repair_estimator"", ""deal_analysis_reports"", ""task_manager"", ""project_scheduler"", ""project_calendar"", ""project_budgeter"", ""expense_tracker"", ""income_tracker"", ""receipts"", ""accounting_reports"", ""contacts_vendors"", ""document_manager"", ""photo_log"", ""add_project"", ""delete_project"", ""material_catalog"", ""project_progress_updates"", ""activity_log"", ""receipts_inbox""]"
254b47a5-eeef-4cf7-9477-83947a0f04d1,fcc296b5-fe8b-4b7a-9b32-d436b75f9490,2024-11-25T22:31:30Z,2025-05-16T13:50:51Z,2116 Lakeview Trace,"2116 Lakeview Trace, Trussville, AL 35173",2116 Lakeview Trace,,Trussville,AL,35173,US,33.648609,-86.5235363,fix_and_flip,completed_portfolio,Single Family,,4382,5,3,2006,https://tools.flipperforce.com/uploads/projects/85346/streetview-600x450.jpg,"[""team_notifications"", ""analysis_dashboard"", ""estimating_dashboard"", ""accounting_dashboard"", ""leads_dashboard"", ""active_projects_dashboard"", ""portfolio_dashboard"", ""project_notes"", ""project_comps"", ""flip_analyzer"", ""rental_analyzer"", ""repair_estimator"", ""deal_analysis_reports"", ""task_manager"", ""project_scheduler"", ""project_calendar"", ""project_budgeter"", ""expense_tracker"", ""income_tracker"", ""receipts"", ""accounting_reports"", ""contacts_vendors"", ""document_manager"", ""photo_log"", ""add_project"", ""delete_project"", ""material_catalog"", ""project_progress_updates"", ""activity_log"", ""receipts_inbox""]"
83d7e5ed-8e0b-4d7a-8f38-aa86d00d87c1,fcc296b5-fe8b-4b7a-9b32-d436b75f9490,2024-12-23T18:45:34Z,2025-03-03T22:46:11Z,1037 Sharp Drive,"1037 Sharp Drive, Birmingham, AL 35235",1037 Sharp Drive,,Birmingham,AL,35235,US,33.6107294,-86.6756078,fix_and_flip,completed_portfolio,Single Family,,1738,3,1,1965,https://tools.flipperforce.com/uploads/projects/86446/streetview-400x400.jpg,"[""team_notifications"", ""analysis_dashboard"", ""estimating_dashboard"", ""accounting_dashboard"", ""leads_dashboard"", ""active_projects_dashboard"", ""portfolio_dashboard"", ""project_notes"", ""project_comps"", ""flip_analyzer"", ""rental_analyzer"", ""repair_estimator"", ""deal_analysis_reports"", ""task_manager"", ""project_scheduler"", ""project_calendar"", ""project_budgeter"", ""expense_tracker"", ""income_tracker"", ""receipts"", ""accounting_reports"", ""contacts_vendors"", ""document_manager"", ""photo_log"", ""add_project"", ""delete_project"", ""material_catalog"", ""project_progress_updates"", ""activity_log"", ""receipts_inbox""]"
9ccb6b1f-1c46-416b-86df-27223b2e526e,fcc296b5-fe8b-4b7a-9b32-d436b75f9490,2025-01-22T01:42:16Z,2025-01-22T02:16:23Z,2020 Rockland Drive,"2020 Rockland Drive, Birmingham, AL 35226",2020 Rockland Drive,,Birmingham,AL,35226,US,33.4012706,-86.8578488,fix_and_flip,completed_portfolio,Single Family,,1548,3,2,1955,https://tools.flipperforce.com/uploads/projects/87811/streetview-400x400.jpg,"[""team_notifications"", ""analysis_dashboard"", ""estimating_dashboard"", ""accounting_dashboard"", ""leads_dashboard"", ""active_projects_dashboard"", ""portfolio_dashboard"", ""project_notes"", ""project_comps"", ""flip_analyzer"", ""rental_analyzer"", ""repair_estimator"", ""deal_analysis_reports"", ""task_manager"", ""project_scheduler"", ""project_calendar"", ""project_budgeter"", ""expense_tracker"", ""income_tracker"", ""receipts"", ""accounting_reports"", ""contacts_vendors"", ""document_manager"", ""photo_log"", ""add_project"", ""delete_project"", ""material_catalog"", ""project_progress_updates"", ""activity_log"", ""receipts_inbox""]"
