account,property_name,amount
Cleaning services,10 Anderson Mtn Dr,275
Dumpsters,10 Anderson Mtn Dr,1978.32
Earnest money,10 Anderson Mtn Dr,3750
Interest Payment,10 Anderson Mtn Dr,17983.33
Labor,10 Anderson Mtn Dr,48863
Materials,10 Anderson Mtn Dr,42234.35
Property Insurance,10 Anderson Mtn Dr,1436.29
Property Purchase,10 Anderson Mtn Dr,77483.58
Third Party Vendors,10 Anderson Mtn Dr,34701.48
Utilities,10 Anderson Mtn Dr,3825.97
Total for Expenses,10 Anderson Mtn Dr,232531.32
Net Operating Income,10 Anderson Mtn Dr,-232531.32
Net Income,10 Anderson Mtn Dr,-232531.32
Sale of property,1008 Mtn. Oaks Dr.,333772.55
Total for Income,1008 Mtn. Oaks Dr.,333772.55
Gross Profit,1008 Mtn. Oaks Dr.,333772.55
Cleaning services,1008 Mtn. Oaks Dr.,200
Dumpsters,1008 Mtn. Oaks Dr.,2017.47
Earnest money,1008 Mtn. Oaks Dr.,5000
Equipment,1008 Mtn. Oaks Dr.,996.2
Labor,1008 Mtn. Oaks Dr.,27796.19
Materials,1008 Mtn. Oaks Dr.,11304.02
Permits,1008 Mtn. Oaks Dr.,1632.25
Property Purchase,1008 Mtn. Oaks Dr.,156450.45
Third Party Vendors,1008 Mtn. Oaks Dr.,52851.94
Utilities,1008 Mtn. Oaks Dr.,551.37
Total for Expenses,1008 Mtn. Oaks Dr.,258799.89
Net Operating Income,1008 Mtn. Oaks Dr.,74972.65999999997
Net Income,1008 Mtn. Oaks Dr.,74972.65999999997
Sale of property,1008 Springhill Ln,901924.27
Total for Income,1008 Springhill Ln,901924.27
Gross Profit,1008 Springhill Ln,901924.27
Automobile Expense,1008 Springhill Ln,234.32
Cleaning services,1008 Springhill Ln,850
Consulting fee,1008 Springhill Ln,3302.75
Dumpsters,1008 Springhill Ln,11844.77
HOA Fees,1008 Springhill Ln,116.85
Interest Payment,1008 Springhill Ln,29894.86
Labor,1008 Springhill Ln,136468
Materials,1008 Springhill Ln,198683.05
Professional Fees,1008 Springhill Ln,2500
Property Insurance,1008 Springhill Ln,3043.5
Property Purchase,1008 Springhill Ln,100805.76
Staging and Interiors,1008 Springhill Ln,6599.43
Third Party Vendors,1008 Springhill Ln,124638.94
Utilities,1008 Springhill Ln,8628.97
Total for Expenses,1008 Springhill Ln,627611.2
Net Operating Income,1008 Springhill Ln,274313.07000000007
Net Income,1008 Springhill Ln,274313.07000000007
Sale of property,1014 Mtn. Laurel Cir.,181802.97
Total for Income,1014 Mtn. Laurel Cir.,181802.97
Gross Profit,1014 Mtn. Laurel Cir.,181802.97
Dumpsters,1014 Mtn. Laurel Cir.,2291.75
Labor,1014 Mtn. Laurel Cir.,32350
Materials,1014 Mtn. Laurel Cir.,26771.11
Payroll,1014 Mtn. Laurel Cir.,20.28
Property Insurance,1014 Mtn. Laurel Cir.,1686
Property Purchase,1014 Mtn. Laurel Cir.,181183.67
Third Party Vendors,1014 Mtn. Laurel Cir.,14913.76
Total for Expenses,1014 Mtn. Laurel Cir.,259216.57
Net Operating Income,1014 Mtn. Laurel Cir.,-77413.6
Net Income,1014 Mtn. Laurel Cir.,-77413.6
Admin Services,1020 Legacy Cove,300
Total for Expenses,1020 Legacy Cove,300
Net Operating Income,1020 Legacy Cove,-300
Net Income,1020 Legacy Cove,-300
Sale of property,103 Kingstown Cir,125113.68
Total for Income,103 Kingstown Cir,125113.68
Gross Profit,103 Kingstown Cir,125113.68
Cleaning services,103 Kingstown Cir,290
Dumpsters,103 Kingstown Cir,1501.64
Interest Payment,103 Kingstown Cir,4500
Labor,103 Kingstown Cir,29050
Materials,103 Kingstown Cir,19761.48
Property Purchase,103 Kingstown Cir,180841.14
Third Party Vendors,103 Kingstown Cir,18081.84
Total for Expenses,103 Kingstown Cir,254026.1
Net Operating Income,103 Kingstown Cir,-128912.42000000001
Mortgage,103 Kingstown Cir,180000
Total for Other Income,103 Kingstown Cir,180000
Net Other Income,103 Kingstown Cir,180000
Net Income,103 Kingstown Cir,51087.57999999999
Sale of property,103 Mack Roper Rd.,357029.91
Total for Income,103 Mack Roper Rd.,357029.91
Gross Profit,103 Mack Roper Rd.,357029.91
Dumpsters,103 Mack Roper Rd.,4367.36
Interest Payment,103 Mack Roper Rd.,800
Labor,103 Mack Roper Rd.,38812
Materials,103 Mack Roper Rd.,40815.83
Permits,103 Mack Roper Rd.,1066
Property Insurance,103 Mack Roper Rd.,1798
Property Purchase,103 Mack Roper Rd.,211015.62
Third Party Vendors,103 Mack Roper Rd.,20704.5
Total for Expenses,103 Mack Roper Rd.,319379.31
Net Operating Income,103 Mack Roper Rd.,37650.59999999998
Net Income,103 Mack Roper Rd.,37650.59999999998
Sale of property,1037 Sharp Dr,133264.52
Total for Income,1037 Sharp Dr,133264.52
Gross Profit,1037 Sharp Dr,133264.52
Closing Costs,1037 Sharp Dr,22117.44
Dumpsters,1037 Sharp Dr,2086.04
Interest Payment,1037 Sharp Dr,2745.86
Labor,1037 Sharp Dr,27225
Materials,1037 Sharp Dr,33872.93
Third Party Vendors,1037 Sharp Dr,25783.25
Utilities,1037 Sharp Dr,653.61
Total for Expenses,1037 Sharp Dr,114484.12999999999
Net Operating Income,1037 Sharp Dr,18780.39
Net Income,1037 Sharp Dr,18780.39
Dumpsters,1048 Gene Reed Rd,1068.18
Labor,1048 Gene Reed Rd,17608
Materials,1048 Gene Reed Rd,19692.78
Referal Fee,1048 Gene Reed Rd,15000
Third Party Vendors,1048 Gene Reed Rd,5940.08
Utilities,1048 Gene Reed Rd,753.35
Total for Expenses,1048 Gene Reed Rd,60062.39
Net Operating Income,1048 Gene Reed Rd,-60062.39
Net Income,1048 Gene Reed Rd,-60062.39
Sale of property,105 Kingstown Rd,86793.86
Total for Income,105 Kingstown Rd,86793.86
Gross Profit,105 Kingstown Rd,86793.86
Closing Costs,105 Kingstown Rd,1925.7
Dumpsters,105 Kingstown Rd,4786.14
Interest Payment,105 Kingstown Rd,9090
Labor,105 Kingstown Rd,24705
Materials,105 Kingstown Rd,30622.67
Third Party Vendors,105 Kingstown Rd,23605.71
Utilities,105 Kingstown Rd,392.71
Total for Expenses,105 Kingstown Rd,95127.93000000001
Net Operating Income,105 Kingstown Rd,-8334.070000000007
Net Income,105 Kingstown Rd,-8334.070000000007
Sale of property,106 Wildwood Dr.,180036.82
Total for Income,106 Wildwood Dr.,180036.82
Gross Profit,106 Wildwood Dr.,180036.82
Cleaning services,106 Wildwood Dr.,200
Closing Costs,106 Wildwood Dr.,1772.57
Dumpsters,106 Wildwood Dr.,4745.79
Interest Payment,106 Wildwood Dr.,9709.82
Labor,106 Wildwood Dr.,39948
Materials,106 Wildwood Dr.,28187.06
Photography,106 Wildwood Dr.,10
Property Insurance,106 Wildwood Dr.,2666.5
Third Party Vendors,106 Wildwood Dr.,50550.89
Total for Expenses,106 Wildwood Dr.,137790.63
Net Operating Income,106 Wildwood Dr.,42246.19
Net Income,106 Wildwood Dr.,42246.19
Sale of property,107 Kingstown Cir,153744.82
Total for Income,107 Kingstown Cir,153744.82
Gross Profit,107 Kingstown Cir,153744.82
Dumpsters,107 Kingstown Cir,4796.38
Interest Payment,107 Kingstown Cir,5400
Labor,107 Kingstown Cir,37929
Materials,107 Kingstown Cir,30517.78
Third Party Vendors,107 Kingstown Cir,24435.2
Utilities,107 Kingstown Cir,705.62
Total for Expenses,107 Kingstown Cir,103783.98
Net Operating Income,107 Kingstown Cir,49960.84000000001
Net Income,107 Kingstown Cir,49960.84000000001
Sale of property,108 Pine Tree Cir,98503
Total for Income,108 Pine Tree Cir,98503
Gross Profit,108 Pine Tree Cir,98503
Cleaning services,108 Pine Tree Cir,310
Closing Costs,108 Pine Tree Cir,8505
Dumpsters,108 Pine Tree Cir,1918.89
Interest Payment,108 Pine Tree Cir,8533.36
Labor,108 Pine Tree Cir,25050
Materials,108 Pine Tree Cir,20836.73
Property Purchase,108 Pine Tree Cir,163716.96
Third Party Vendors,108 Pine Tree Cir,20930.59
Utilities,108 Pine Tree Cir,82.98
Total for Expenses,108 Pine Tree Cir,249884.51
Net Operating Income,108 Pine Tree Cir,-151381.51
Mortgage,108 Pine Tree Cir,160000
Total for Other Income,108 Pine Tree Cir,160000
Net Other Income,108 Pine Tree Cir,160000
Net Income,108 Pine Tree Cir,8618.48999999999
Sale of property,108 Southview Dr,199360.57
Total for Income,108 Southview Dr,199360.57
Gross Profit,108 Southview Dr,199360.57
Cleaning services,108 Southview Dr,970
Dumpsters,108 Southview Dr,2578.89
Interest Payment,108 Southview Dr,19582.69
Labor,108 Southview Dr,50696.48
Materials,108 Southview Dr,55157.83
Property Purchase,108 Southview Dr,63024.73
Property taxes,108 Southview Dr,3237.5
Third Party Vendors,108 Southview Dr,37947.3
Utilities,108 Southview Dr,2422.33
Total for Expenses,108 Southview Dr,235617.74999999997
Net Operating Income,108 Southview Dr,-36257.179999999964
Net Income,108 Southview Dr,-36257.179999999964
Sale of property,109 Spring Glade Cir,100285.43
Total for Income,109 Spring Glade Cir,100285.43
Gross Profit,109 Spring Glade Cir,100285.43
Admin Services,109 Spring Glade Cir,300
Dumpsters,109 Spring Glade Cir,1359.6
Labor,109 Spring Glade Cir,23451
Materials,109 Spring Glade Cir,16236.2
Photography,109 Spring Glade Cir,100
Property Insurance,109 Spring Glade Cir,461.75
Third Party Vendors,109 Spring Glade Cir,9841.6
Total for Expenses,109 Spring Glade Cir,51750.15
Net Operating Income,109 Spring Glade Cir,48535.27999999999
Net Income,109 Spring Glade Cir,48535.27999999999
Sale of property,109 Westchester Dr.,181064.61
Total for Income,109 Westchester Dr.,181064.61
Gross Profit,109 Westchester Dr.,181064.61
Admin Services,109 Westchester Dr.,250
Cleaning services,109 Westchester Dr.,150
Labor,109 Westchester Dr.,150
Property Purchase,109 Westchester Dr.,131374.32
Third Party Vendors,109 Westchester Dr.,535
Total for Expenses,109 Westchester Dr.,132459.32
Net Operating Income,109 Westchester Dr.,48605.28999999998
Net Income,109 Westchester Dr.,48605.28999999998
Sale of property,1104 Tulip Cir,185816.54
Total for Income,1104 Tulip Cir,185816.54
Gross Profit,1104 Tulip Cir,185816.54
Cleaning services,1104 Tulip Cir,300
Dumpsters,1104 Tulip Cir,4338.24
Interest Payment,1104 Tulip Cir,4883.08
Labor,1104 Tulip Cir,33640
Materials,1104 Tulip Cir,29744.51
Permits,1104 Tulip Cir,1904.65
Property Purchase,1104 Tulip Cir,37072.07
Third Party Vendors,1104 Tulip Cir,28479.92
Utilities,1104 Tulip Cir,1352.23
Total for Expenses,1104 Tulip Cir,141714.69999999998
Net Operating Income,1104 Tulip Cir,44101.840000000026
Net Income,1104 Tulip Cir,44101.840000000026
Sale of property,1118 Westridge Cir.,135800.89
Total for Income,1118 Westridge Cir.,135800.89
Gross Profit,1118 Westridge Cir.,135800.89
Admin Services,1118 Westridge Cir.,300
Closing Costs,1118 Westridge Cir.,5800.28
Dumpsters,1118 Westridge Cir.,4118.82
Interest Payment,1118 Westridge Cir.,2300.01
Labor,1118 Westridge Cir.,47174.83
Materials,1118 Westridge Cir.,42701.39
Photography,1118 Westridge Cir.,200
Property Insurance,1118 Westridge Cir.,917.5
Third Party Vendors,1118 Westridge Cir.,25469
Total for Expenses,1118 Westridge Cir.,128981.83
Net Operating Income,1118 Westridge Cir.,6819.060000000012
Mortgage,1118 Westridge Cir.,41720.69
Total for Other Income,1118 Westridge Cir.,41720.69
Net Other Income,1118 Westridge Cir.,41720.69
Net Income,1118 Westridge Cir.,48539.750000000015
Sale of property,112 Portsouth Ln,169719.12
Total for Income,112 Portsouth Ln,169719.12
Gross Profit,112 Portsouth Ln,169719.12
Cleaning services,112 Portsouth Ln,170
Dumpsters,112 Portsouth Ln,2827.67
Earnest money,112 Portsouth Ln,1024
Interest Payment,112 Portsouth Ln,4565.55
Labor,112 Portsouth Ln,27825
Materials,112 Portsouth Ln,23938.89
Property Purchase,112 Portsouth Ln,42026.27
Third Party Vendors,112 Portsouth Ln,17285.75
Utilities,112 Portsouth Ln,1852.97
Total for Expenses,112 Portsouth Ln,121516.1
Net Operating Income,112 Portsouth Ln,48203.01999999999
Net Income,112 Portsouth Ln,48203.01999999999
Business License,112 White Cap Cir,150
Dumpsters,112 White Cap Cir,2064.82
Labor,112 White Cap Cir,1000
Materials,112 White Cap Cir,11187.44
Property Insurance,112 White Cap Cir,1128.15
Property Purchase,112 White Cap Cir,39353.06
Utilities,112 White Cap Cir,346
Total for Expenses,112 White Cap Cir,55229.47
Net Operating Income,112 White Cap Cir,-55229.47
Net Income,112 White Cap Cir,-55229.47
Rehab Reimbursement,1125 Greystone Crest,275000
Total for Income,1125 Greystone Crest,275000
Gross Profit,1125 Greystone Crest,275000
Dumpsters,1125 Greystone Crest,4376.35
Labor,1125 Greystone Crest,90090
Materials,1125 Greystone Crest,104913.26
Staging and Interiors,1125 Greystone Crest,2500
Third Party Vendors,1125 Greystone Crest,44234.43
Total for Expenses,1125 Greystone Crest,246114.03999999998
Net Operating Income,1125 Greystone Crest,28885.96000000002
Net Income,1125 Greystone Crest,28885.96000000002
Sale of property,1127 13th St N,72974.61
Total for Income,1127 13th St N,72974.61
Gross Profit,1127 13th St N,72974.61
Property Purchase,1127 13th St N,61066.25
Total for Expenses,1127 13th St N,61066.25
Net Operating Income,1127 13th St N,11908.36
Net Income,1127 13th St N,11908.36
Sale of property,1132 Martinwood Ln.,104446.88
Total for Income,1132 Martinwood Ln.,104446.88
Gross Profit,1132 Martinwood Ln.,104446.88
Admin Services,1132 Martinwood Ln.,300
Closing Costs,1132 Martinwood Ln.,214.5
Dumpsters,1132 Martinwood Ln.,2280.94
Interest Payment,1132 Martinwood Ln.,1666.68
Labor,1132 Martinwood Ln.,25850
Materials,1132 Martinwood Ln.,26528.78
Photography,1132 Martinwood Ln.,300
Property Insurance,1132 Martinwood Ln.,838.5
Property Purchase,1132 Martinwood Ln.,126153.53
Third Party Vendors,1132 Martinwood Ln.,16281.65
Total for Expenses,1132 Martinwood Ln.,200414.58
Net Operating Income,1132 Martinwood Ln.,-95967.69999999998
Mortgage,1132 Martinwood Ln.,125000
Total for Other Income,1132 Martinwood Ln.,125000
Net Other Income,1132 Martinwood Ln.,125000
Net Income,1132 Martinwood Ln.,29032.300000000017
Sale of property,115 Meadowgreen Rd,185549.16
Total for Income,115 Meadowgreen Rd,185549.16
Gross Profit,115 Meadowgreen Rd,185549.16
Admin Services,115 Meadowgreen Rd,600
Dumpsters,115 Meadowgreen Rd,1007.86
Labor,115 Meadowgreen Rd,10800
Materials,115 Meadowgreen Rd,5351.46
Property Purchase,115 Meadowgreen Rd,125771.53
Third Party Vendors,115 Meadowgreen Rd,8281.49
Total for Expenses,115 Meadowgreen Rd,151812.34
Net Operating Income,115 Meadowgreen Rd,33736.82000000001
Net Income,115 Meadowgreen Rd,33736.82000000001
Sale of property,1158 Holt Cir.,174191.39
Total for Income,1158 Holt Cir.,174191.39
Gross Profit,1158 Holt Cir.,174191.39
Admin Services,1158 Holt Cir.,300
Cleaning services,1158 Holt Cir.,140
Dumpsters,1158 Holt Cir.,556.97
Labor,1158 Holt Cir.,8800
Materials,1158 Holt Cir.,3859.18
Photography,1158 Holt Cir.,100
Property Purchase,1158 Holt Cir.,171397.09
Third Party Vendors,1158 Holt Cir.,2792.73
Total for Expenses,1158 Holt Cir.,187945.97
Net Operating Income,1158 Holt Cir.,-13754.579999999987
Net Income,1158 Holt Cir.,-13754.579999999987
Sale of property,116 34th St N,83185.16
Total for Income,116 34th St N,83185.16
Gross Profit,116 34th St N,83185.16
Business License,116 34th St N,368
Cleaning services,116 34th St N,210
Dumpsters,116 34th St N,4698.91
Interest Payment,116 34th St N,5500
Labor,116 34th St N,32250
Materials,116 34th St N,34316.08
Third Party Vendors,116 34th St N,18417.93
Utilities,116 34th St N,1222.7
Total for Expenses,116 34th St N,96983.62000000001
Net Operating Income,116 34th St N,-13798.460000000006
Mortgage,116 34th St N,188615.5
Total for Other Income,116 34th St N,188615.5
Net Other Income,116 34th St N,188615.5
Net Income,116 34th St N,174817.03999999998
Sale of property,117 Lynn Dr.,146273
Total for Income,117 Lynn Dr.,146273
Gross Profit,117 Lynn Dr.,146273
Dumpsters,117 Lynn Dr.,2214.5
Labor and Materials,117 Lynn Dr.,12500
Materials,117 Lynn Dr.,3533.98
Property Purchase,117 Lynn Dr.,75000
Reimbursment,117 Lynn Dr.,-2015
Third Party Vendors,117 Lynn Dr.,4025
Total for Expenses,117 Lynn Dr.,95258.48
Net Operating Income,117 Lynn Dr.,51014.520000000004
Net Income,117 Lynn Dr.,51014.520000000004
Sale of property,120 Cahaba Forest Dr,147703.72
Total for Income,120 Cahaba Forest Dr,147703.72
Gross Profit,120 Cahaba Forest Dr,147703.72
Dumpsters,120 Cahaba Forest Dr,3927.75
Earnest money,120 Cahaba Forest Dr,496.76
Interest Payment,120 Cahaba Forest Dr,4000
Labor,120 Cahaba Forest Dr,48246.25
Materials,120 Cahaba Forest Dr,41871.73
Third Party Vendors,120 Cahaba Forest Dr,17134.8
Total for Expenses,120 Cahaba Forest Dr,115677.29000000001
Net Operating Income,120 Cahaba Forest Dr,32026.429999999993
Net Income,120 Cahaba Forest Dr,32026.429999999993
Sale of property,120 Kay St.,150532.86
Total for Income,120 Kay St.,150532.86
Gross Profit,120 Kay St.,150532.86
Admin Services,120 Kay St.,250
Cleaning services,120 Kay St.,130
Dumpsters,120 Kay St.,3072.6
Labor,120 Kay St.,24800
Materials,120 Kay St.,21090.11
Permits,120 Kay St.,92
Photography,120 Kay St.,100
Property Insurance,120 Kay St.,1273
Property Purchase,120 Kay St.,26512.91
Third Party Vendors,120 Kay St.,28627.85
Total for Expenses,120 Kay St.,105948.47
Net Operating Income,120 Kay St.,44584.389999999985
Net Income,120 Kay St.,44584.389999999985
Sale of property,122 Heather Ridge Dr.,230283.18
Total for Income,122 Heather Ridge Dr.,230283.18
Gross Profit,122 Heather Ridge Dr.,230283.18
Closing Costs,122 Heather Ridge Dr.,1514.86
Dumpsters,122 Heather Ridge Dr.,2478.59
Labor,122 Heather Ridge Dr.,34010
Labor and Materials,122 Heather Ridge Dr.,4000
Materials,122 Heather Ridge Dr.,31208.54
Permits,122 Heather Ridge Dr.,2228
Property Purchase,122 Heather Ridge Dr.,205000
Third Party Vendors,122 Heather Ridge Dr.,30230.16
Utilities,122 Heather Ridge Dr.,249.22
Total for Expenses,122 Heather Ridge Dr.,310919.36999999994
Net Operating Income,122 Heather Ridge Dr.,-80636.18999999994
Mortgage,122 Heather Ridge Dr.,150000
Total for Other Income,122 Heather Ridge Dr.,150000
Net Other Income,122 Heather Ridge Dr.,150000
Net Income,122 Heather Ridge Dr.,69363.81000000006
Sale of property,1221 Rumson Dr,199177.55
Total for Income,1221 Rumson Dr,199177.55
Gross Profit,1221 Rumson Dr,199177.55
Admin Services,1221 Rumson Dr,300
Closing Costs,1221 Rumson Dr,86.33
Dumpsters,1221 Rumson Dr,1495.23
Earnest money,1221 Rumson Dr,2500
Interest Payment,1221 Rumson Dr,6800
Labor,1221 Rumson Dr,62691.56
Materials,1221 Rumson Dr,34616.61
Third Party Vendors,1221 Rumson Dr,24133.11
Total for Expenses,1221 Rumson Dr,132622.84
Net Operating Income,1221 Rumson Dr,66554.70999999999
Net Income,1221 Rumson Dr,66554.70999999999
Sale of property,1265 Pine Tree Dr,59652.12
Total for Income,1265 Pine Tree Dr,59652.12
Gross Profit,1265 Pine Tree Dr,59652.12
Admin Services,1265 Pine Tree Dr,300
Closing Costs,1265 Pine Tree Dr,1129.88
Dumpsters,1265 Pine Tree Dr,556.97
Interest Payment,1265 Pine Tree Dr,1600
Labor,1265 Pine Tree Dr,12040.81
Materials,1265 Pine Tree Dr,4605.45
Third Party Vendors,1265 Pine Tree Dr,6351.6
Total for Expenses,1265 Pine Tree Dr,26584.71
Net Operating Income,1265 Pine Tree Dr,33067.41
Net Income,1265 Pine Tree Dr,33067.41
Sale of property,128 Maple Street,144332.39
Total for Income,128 Maple Street,144332.39
Gross Profit,128 Maple Street,144332.39
Admin Services,128 Maple Street,250
Cleaning services,128 Maple Street,160
Closing Costs,128 Maple Street,1440.94
Dumpsters,128 Maple Street,3038.5
Interest Payment,128 Maple Street,5580.65
Labor,128 Maple Street,40528.12
Materials,128 Maple Street,23696.97
Photography,128 Maple Street,100
Property Insurance,128 Maple Street,991.5
Third Party Vendors,128 Maple Street,12767.85
Total for Expenses,128 Maple Street,88554.53000000001
Net Operating Income,128 Maple Street,55777.86
Net Income,128 Maple Street,55777.86
Sale of property,12938 Ann Marie Dr,142669.55
Total for Income,12938 Ann Marie Dr,142669.55
Gross Profit,12938 Ann Marie Dr,142669.55
Admin Services,12938 Ann Marie Dr,330
Cleaning services,12938 Ann Marie Dr,100
Dumpsters,12938 Ann Marie Dr,1945.54
Labor,12938 Ann Marie Dr,29190
Materials,12938 Ann Marie Dr,26383.77
Photography,12938 Ann Marie Dr,115
Property Purchase,12938 Ann Marie Dr,35869.89
Third Party Vendors,12938 Ann Marie Dr,21439
Total for Expenses,12938 Ann Marie Dr,115373.2
Net Operating Income,12938 Ann Marie Dr,27296.34999999999
Net Income,12938 Ann Marie Dr,27296.34999999999
Sale of property,13 Royal Coach Cir,218375.05
Total for Income,13 Royal Coach Cir,218375.05
Gross Profit,13 Royal Coach Cir,218375.05
Dumpsters,13 Royal Coach Cir,2064.83
Earnest money,13 Royal Coach Cir,1000
Labor,13 Royal Coach Cir,22640
Materials,13 Royal Coach Cir,19231.78
Property Purchase,13 Royal Coach Cir,75142.5
Third Party Vendors,13 Royal Coach Cir,9914.8
Utilities,13 Royal Coach Cir,1029.64
Total for Expenses,13 Royal Coach Cir,131023.55
Net Operating Income,13 Royal Coach Cir,87351.49999999999
Net Income,13 Royal Coach Cir,87351.49999999999
Sale of property,1308 34th St,187088.5
Total for Income,1308 34th St,187088.5
Gross Profit,1308 34th St,187088.5
Labor,1308 34th St,17250
Materials,1308 34th St,13372.51
Property Purchase,1308 34th St,103286
Third Party Vendors,1308 34th St,22274.53
Total for Expenses,1308 34th St,156183.04
Net Operating Income,1308 34th St,30905.459999999992
Net Income,1308 34th St,30905.459999999992
Labor,1309 Springville Rd,13240
Materials,1309 Springville Rd,25774.28
Property Insurance,1309 Springville Rd,1333.08
Property Purchase,1309 Springville Rd,5086.2
Third Party Vendors,1309 Springville Rd,8175
Utilities,1309 Springville Rd,227.9
Total for Expenses,1309 Springville Rd,53836.46
Net Operating Income,1309 Springville Rd,-53836.46
Net Income,1309 Springville Rd,-53836.46
Sale of property,131 Silver Ln,121975
Total for Income,131 Silver Ln,121975
Gross Profit,131 Silver Ln,121975
Dumpsters,131 Silver Ln,1012.75
Interest Payment,131 Silver Ln,1798.74
Labor,131 Silver Ln,17505
Materials,131 Silver Ln,16457.5
Property Purchase,131 Silver Ln,16936.69
Third Party Vendors,131 Silver Ln,10249.98
Utilities,131 Silver Ln,2133.19
Total for Expenses,131 Silver Ln,66093.84999999999
Net Operating Income,131 Silver Ln,55881.15000000001
Net Income,131 Silver Ln,55881.15000000001
Sale of property,1310 Old Cahaba Cove,88357.74
Total for Income,1310 Old Cahaba Cove,88357.74
Gross Profit,1310 Old Cahaba Cove,88357.74
Cleaning services,1310 Old Cahaba Cove,1553.6
Dumpsters,1310 Old Cahaba Cove,1331.27
Interest Payment,1310 Old Cahaba Cove,6066.67
Labor,1310 Old Cahaba Cove,15404.96
Materials,1310 Old Cahaba Cove,13589.41
Property Purchase,1310 Old Cahaba Cove,175000
Third Party Vendors,1310 Old Cahaba Cove,15101
Utilities,1310 Old Cahaba Cove,1276.57
Total for Expenses,1310 Old Cahaba Cove,229323.48
Net Operating Income,1310 Old Cahaba Cove,-140965.74
Mortgage,1310 Old Cahaba Cove,200081.84
Total for Other Income,1310 Old Cahaba Cove,200081.84
Net Other Income,1310 Old Cahaba Cove,200081.84
Net Income,1310 Old Cahaba Cove,59116.100000000006
Sale of property,1313 McCoy St,104919.43
Total for Income,1313 McCoy St,104919.43
Gross Profit,1313 McCoy St,104919.43
Cleaning services,1313 McCoy St,275
Dumpsters,1313 McCoy St,2478.57
Labor,1313 McCoy St,25720
Materials,1313 McCoy St,23379.36
Property Purchase,1313 McCoy St,1877.62
Third Party Vendors,1313 McCoy St,11593.79
Utilities,1313 McCoy St,1251.9
Total for Expenses,1313 McCoy St,66576.24
Net Operating Income,1313 McCoy St,38343.18999999999
Net Income,1313 McCoy St,38343.18999999999
Sale of property,132 Rosebud Rd,180450.81
Total for Income,132 Rosebud Rd,180450.81
Gross Profit,132 Rosebud Rd,180450.81
Dumpsters,132 Rosebud Rd,3415.84
Labor,132 Rosebud Rd,39920
Materials,132 Rosebud Rd,46595.15
Property Purchase,132 Rosebud Rd,46218.23
Third Party Vendors,132 Rosebud Rd,23051.14
Utilities,132 Rosebud Rd,1229.15
Total for Expenses,132 Rosebud Rd,160429.50999999998
Net Operating Income,132 Rosebud Rd,20021.300000000017
Net Income,132 Rosebud Rd,20021.300000000017
Sale of property,1324 Bardswood Terrace,145474.4
Total for Income,1324 Bardswood Terrace,145474.4
Gross Profit,1324 Bardswood Terrace,145474.4
Dumpsters,1324 Bardswood Terrace,4212.25
Interest Payment,1324 Bardswood Terrace,4000
Labor,1324 Bardswood Terrace,450
Materials,1324 Bardswood Terrace,52269.92
Property Insurance,1324 Bardswood Terrace,2149
Third Party Vendors,1324 Bardswood Terrace,19563
Utilities,1324 Bardswood Terrace,439.71
Total for Expenses,1324 Bardswood Terrace,83083.88
Net Operating Income,1324 Bardswood Terrace,62390.51999999999
Net Income,1324 Bardswood Terrace,62390.51999999999
Sale of property,1337 Wilshire Dr.,159217.8
Total for Income,1337 Wilshire Dr.,159217.8
Gross Profit,1337 Wilshire Dr.,159217.8
Closing Costs,1337 Wilshire Dr.,711.5
Dumpsters,1337 Wilshire Dr.,1506.68
Interest Payment,1337 Wilshire Dr.,10441.67
Labor,1337 Wilshire Dr.,32200
Materials,1337 Wilshire Dr.,23794.97
Professional Fees,1337 Wilshire Dr.,1300
Property Insurance,1337 Wilshire Dr.,1597.5
Third Party Vendors,1337 Wilshire Dr.,18592.42
Total for Expenses,1337 Wilshire Dr.,90144.74
Net Operating Income,1337 Wilshire Dr.,69073.05999999998
Net Income,1337 Wilshire Dr.,69073.05999999998
Sale of property,1341 Hillwood Dr.,149098.99
Total for Income,1341 Hillwood Dr.,149098.99
Gross Profit,1341 Hillwood Dr.,149098.99
Dumpsters,1341 Hillwood Dr.,1787.05
Interest Payment,1341 Hillwood Dr.,2400
Labor,1341 Hillwood Dr.,32616.27
Materials,1341 Hillwood Dr.,19541.83
Photography,1341 Hillwood Dr.,100
Property Insurance,1341 Hillwood Dr.,1187
Third Party Vendors,1341 Hillwood Dr.,12504.61
Total for Expenses,1341 Hillwood Dr.,70136.76000000001
Net Operating Income,1341 Hillwood Dr.,78962.22999999998
Net Income,1341 Hillwood Dr.,78962.22999999998
Sale of property,1341 Winola Ln,126410.61
Total for Income,1341 Winola Ln,126410.61
Gross Profit,1341 Winola Ln,126410.61
Closing Costs,1341 Winola Ln,25469.89
Dumpsters,1341 Winola Ln,1465.82
Interest Payment,1341 Winola Ln,2951.99
Labor,1341 Winola Ln,28614
Materials,1341 Winola Ln,23439.99
Third Party Vendors,1341 Winola Ln,15826.92
Utilities,1341 Winola Ln,611.46
Total for Expenses,1341 Winola Ln,98380.07
Net Operating Income,1341 Winola Ln,28030.539999999994
Net Income,1341 Winola Ln,28030.539999999994
Sale of property,1345 Winola Ln,206998.35
Total for Income,1345 Winola Ln,206998.35
Gross Profit,1345 Winola Ln,206998.35
Dumpsters,1345 Winola Ln,1473.5
Earnest money,1345 Winola Ln,500
Labor,1345 Winola Ln,22910
Materials,1345 Winola Ln,17208.9
Property Purchase,1345 Winola Ln,128906.75
Third Party Vendors,1345 Winola Ln,12927.64
Total for Expenses,1345 Winola Ln,183926.78999999998
Net Operating Income,1345 Winola Ln,23071.560000000027
Net Income,1345 Winola Ln,23071.560000000027
Sale of property,1359 Annie Lee Rd,83425.81
Total for Income,1359 Annie Lee Rd,83425.81
Gross Profit,1359 Annie Lee Rd,83425.81
Dumpsters,1359 Annie Lee Rd,1012.75
Interest Payment,1359 Annie Lee Rd,4198.92
Labor,1359 Annie Lee Rd,10350
Materials,1359 Annie Lee Rd,6699.23
Property Purchase,1359 Annie Lee Rd,221271.64
Third Party Vendors,1359 Annie Lee Rd,4030
Total for Expenses,1359 Annie Lee Rd,247562.54
Net Operating Income,1359 Annie Lee Rd,-164136.73
Mortgage,1359 Annie Lee Rd,220000
Total for Other Income,1359 Annie Lee Rd,220000
Net Other Income,1359 Annie Lee Rd,220000
Net Income,1359 Annie Lee Rd,55863.26999999999
Sale of property,1401 Oak Terr.,115299.88
Total for Income,1401 Oak Terr.,115299.88
Gross Profit,1401 Oak Terr.,115299.88
Admin Services,1401 Oak Terr.,600
Closing Costs,1401 Oak Terr.,2242.7
Dumpsters,1401 Oak Terr.,983.87
Interest Payment,1401 Oak Terr.,2400
Labor,1401 Oak Terr.,19550
Materials,1401 Oak Terr.,10120.47
Photography,1401 Oak Terr.,115
Third Party Vendors,1401 Oak Terr.,9975.5
Total for Expenses,1401 Oak Terr.,45987.54
Net Operating Income,1401 Oak Terr.,69312.34
Net Income,1401 Oak Terr.,69312.34
Sale of property,1409 High Point Terrace,215119.36
Total for Income,1409 High Point Terrace,215119.36
Gross Profit,1409 High Point Terrace,215119.36
Auction,1409 High Point Terrace,151.75
Cleaning services,1409 High Point Terrace,200
Dumpsters,1409 High Point Terrace,2738.38
Earnest money,1409 High Point Terrace,5000
Labor,1409 High Point Terrace,26115.63
Materials,1409 High Point Terrace,27716.76
Parking,1409 High Point Terrace,6
Property Purchase,1409 High Point Terrace,102000
Third Party Vendors,1409 High Point Terrace,25854.22
Utilities,1409 High Point Terrace,1278
Total for Expenses,1409 High Point Terrace,191060.74000000002
Net Operating Income,1409 High Point Terrace,24058.619999999966
Net Income,1409 High Point Terrace,24058.619999999966
Closing Costs,141 Deer Park Dr,8446.5
Dumpsters,141 Deer Park Dr,1956.15
Interest Payment,141 Deer Park Dr,4500
Labor,141 Deer Park Dr,28400
Materials,141 Deer Park Dr,30718.27
Property Insurance,141 Deer Park Dr,951.43
Third Party Vendors,141 Deer Park Dr,15083.63
Utilities,141 Deer Park Dr,763.97
Total for Expenses,141 Deer Park Dr,90819.95
Net Operating Income,141 Deer Park Dr,-90819.95
Net Income,141 Deer Park Dr,-90819.95
Sale of property,1412 13th Terrace.,104197.97
Total for Income,1412 13th Terrace.,104197.97
Gross Profit,1412 13th Terrace.,104197.97
Dumpsters,1412 13th Terrace.,1024.26
Earnest money,1412 13th Terrace.,1000
Labor,1412 13th Terrace.,22800
Materials,1412 13th Terrace.,23467.38
Mortgage Payment,1412 13th Terrace.,8176.51
Property Purchase,1412 13th Terrace.,206363.59
Third Party Vendors,1412 13th Terrace.,7165.4
Utilities,1412 13th Terrace.,696.68
Total for Expenses,1412 13th Terrace.,270693.82
Net Operating Income,1412 13th Terrace.,-166495.85
Mortgage,1412 13th Terrace.,164000
Total for Other Income,1412 13th Terrace.,164000
Net Other Income,1412 13th Terrace.,164000
Net Income,1412 13th Terrace.,-2495.850000000006
Sale of property,1437 Ware Blvd,210490.85
Total for Income,1437 Ware Blvd,210490.85
Gross Profit,1437 Ware Blvd,210490.85
Cleaning services,1437 Ware Blvd,200
Deed Recording,1437 Ware Blvd,123
Dumpsters,1437 Ware Blvd,7499.45
Earnest money,1437 Ware Blvd,8403.08
Labor,1437 Ware Blvd,38331.45
Materials,1437 Ware Blvd,29631.41
Property Purchase,1437 Ware Blvd,73017.25
Reinspection Fee,1437 Ware Blvd,350
Third Party Vendors,1437 Ware Blvd,33668.73
Utilities,1437 Ware Blvd,1266.67
Total for Expenses,1437 Ware Blvd,192491.04000000004
Net Operating Income,1437 Ware Blvd,17999.80999999997
Net Income,1437 Ware Blvd,17999.80999999997
Cleaning services,144 Lake Front Dr.,1865
Interest Payment,144 Lake Front Dr.,2500
Materials,144 Lake Front Dr.,8.44
Third Party Vendors,144 Lake Front Dr.,2638
Utilities,144 Lake Front Dr.,5069.67
Total for Expenses,144 Lake Front Dr.,12081.11
Net Operating Income,144 Lake Front Dr.,-12081.11
Mortgage,144 Lake Front Dr.,180000
Total for Other Income,144 Lake Front Dr.,180000
Net Other Income,144 Lake Front Dr.,180000
Net Income,144 Lake Front Dr.,167918.89
Sale of property,1449 Paragon Prkwy,121654.35
Total for Income,1449 Paragon Prkwy,121654.35
Gross Profit,1449 Paragon Prkwy,121654.35
Cleaning services,1449 Paragon Prkwy,140
Closing Costs,1449 Paragon Prkwy,24256.95
Dumpsters,1449 Paragon Prkwy,559.68
Earnest money,1449 Paragon Prkwy,5000
Labor,1449 Paragon Prkwy,22450
Materials,1449 Paragon Prkwy,10781.85
Mortgage Payment,1449 Paragon Prkwy,5172.1
Third Party Vendors,1449 Paragon Prkwy,5775
Total for Expenses,1449 Paragon Prkwy,74135.58
Net Operating Income,1449 Paragon Prkwy,47518.770000000004
Net Income,1449 Paragon Prkwy,47518.770000000004
Advertising and Promotion,1457 4th Pl NW,150
Total for Expenses,1457 4th Pl NW,150
Net Operating Income,1457 4th Pl NW,-150
Net Income,1457 4th Pl NW,-150
Sale of property,14695 Hwy 75,74387.7
Total for Income,14695 Hwy 75,74387.7
Gross Profit,14695 Hwy 75,74387.7
Labor and Materials,14695 Hwy 75,2500
Reimbursment,14695 Hwy 75,4732
Third Party Vendors,14695 Hwy 75,268
Total for Expenses,14695 Hwy 75,7500
Net Operating Income,14695 Hwy 75,66887.7
Net Income,14695 Hwy 75,66887.7
Sale of property,149 Winterhaven Dr,105506.29
Total for Income,149 Winterhaven Dr,105506.29
Gross Profit,149 Winterhaven Dr,105506.29
Business License,149 Winterhaven Dr,136.75
Dumpsters,149 Winterhaven Dr,1501.64
Interest Payment,149 Winterhaven Dr,1666.67
Labor,149 Winterhaven Dr,20610
Materials,149 Winterhaven Dr,25736.05
Property Purchase,149 Winterhaven Dr,126089.09
Third Party Vendors,149 Winterhaven Dr,9027.69
Total for Expenses,149 Winterhaven Dr,184767.89
Net Operating Income,149 Winterhaven Dr,-79261.60000000002
Mortgage,149 Winterhaven Dr,125000
Total for Other Income,149 Winterhaven Dr,125000
Net Other Income,149 Winterhaven Dr,125000
Net Income,149 Winterhaven Dr,45738.39999999998
Cleaning services,150 Beaver Ridge,250
Dumpsters,150 Beaver Ridge,1494.28
Interest Payment,150 Beaver Ridge,11911.29
Labor,150 Beaver Ridge,29818.5
Materials,150 Beaver Ridge,23134.65
Office Supplies,150 Beaver Ridge,802.16
Property Purchase,150 Beaver Ridge,226876.65
Third Party Vendors,150 Beaver Ridge,26355.38
Utilities,150 Beaver Ridge,976.35
Total for Expenses,150 Beaver Ridge,321619.26
Net Operating Income,150 Beaver Ridge,-321619.26
Mortgage,150 Beaver Ridge,225000
Total for Other Income,150 Beaver Ridge,225000
Net Other Income,150 Beaver Ridge,225000
Net Income,150 Beaver Ridge,-96619.26000000001
Dumpsters,1504 8th St NW,2771.21
Interest Payment,1504 8th St NW,4000
Labor,1504 8th St NW,32923.14
Materials,1504 8th St NW,23829.91
Property Insurance,1504 8th St NW,590.42
Property Purchase,1504 8th St NW,8857.5
Third Party Vendors,1504 8th St NW,8940.53
Utilities,1504 8th St NW,1443.94
Total for Expenses,1504 8th St NW,83356.65
Net Operating Income,1504 8th St NW,-83356.65
Net Income,1504 8th St NW,-83356.65
Sale of property,1508 4th St. NW,155488.28
Total for Income,1508 4th St. NW,155488.28
Gross Profit,1508 4th St. NW,155488.28
Admin Services,1508 4th St. NW,300
Labor,1508 4th St. NW,15458.67
Materials,1508 4th St. NW,4447.53
Photography,1508 4th St. NW,200
Property Purchase,1508 4th St. NW,91063.32
Third Party Vendors,1508 4th St. NW,15874.22
Total for Expenses,1508 4th St. NW,127343.74
Net Operating Income,1508 4th St. NW,28144.539999999994
Net Income,1508 4th St. NW,28144.539999999994
Sale of property,151 2nd St. N,145000.04
Total for Income,151 2nd St. N,145000.04
Gross Profit,151 2nd St. N,145000.04
Dumpsters,151 2nd St. N,3439.72
Interest Payment,151 2nd St. N,5749.98
Labor,151 2nd St. N,43660
Materials,151 2nd St. N,48069.9
Permits,151 2nd St. N,2484
Property Purchase,151 2nd St. N,116029.27
Staging and Interiors,151 2nd St. N,4000
Third Party Vendors,151 2nd St. N,36281.4
Utilities,151 2nd St. N,62.05
Total for Expenses,151 2nd St. N,259776.31999999998
Net Operating Income,151 2nd St. N,-114776.27999999997
Mortgage,151 2nd St. N,115000
Total for Other Income,151 2nd St. N,115000
Net Other Income,151 2nd St. N,115000
Net Income,151 2nd St. N,223.72000000003027
Sale of property,1533 Choctaw Dr,75901.97
Total for Income,1533 Choctaw Dr,75901.97
Gross Profit,1533 Choctaw Dr,75901.97
Materials,1533 Choctaw Dr,1119.56
Property Purchase,1533 Choctaw Dr,63552.09
Total for Expenses,1533 Choctaw Dr,64671.649999999994
Net Operating Income,1533 Choctaw Dr,11230.320000000007
Net Income,1533 Choctaw Dr,11230.320000000007
Sale of property,1546 Lacie Dr,294636.92
Total for Income,1546 Lacie Dr,294636.92
Gross Profit,1546 Lacie Dr,294636.92
Cleaning services,1546 Lacie Dr,270
Dumpsters,1546 Lacie Dr,2516.94
Earnest money,1546 Lacie Dr,1000
Interest Payment,1546 Lacie Dr,13951.61
Labor,1546 Lacie Dr,47600
Materials,1546 Lacie Dr,60325.25
Permits,1546 Lacie Dr,1891.4
Third Party Vendors,1546 Lacie Dr,29179.8
Total for Expenses,1546 Lacie Dr,156735
Net Operating Income,1546 Lacie Dr,137901.91999999998
Net Income,1546 Lacie Dr,137901.91999999998
Sale of property,155 Treymoore Dr,128974.17
Total for Income,155 Treymoore Dr,128974.17
Gross Profit,155 Treymoore Dr,128974.17
Admin Services,155 Treymoore Dr,300
Closing Costs,155 Treymoore Dr,52612.31
Dumpsters,155 Treymoore Dr,1918.89
Labor,155 Treymoore Dr,20931.25
Materials,155 Treymoore Dr,15175.43
Photography,155 Treymoore Dr,130
Third Party Vendors,155 Treymoore Dr,13636.33
Utilities,155 Treymoore Dr,181.85
Total for Expenses,155 Treymoore Dr,104886.06000000001
Net Operating Income,155 Treymoore Dr,24088.109999999986
Net Income,155 Treymoore Dr,24088.109999999986
Materials,1557 Napoleon Dr,-420.4
Property Purchase,1557 Napoleon Dr,45288.62
Property taxes,1557 Napoleon Dr,1955.21
Third Party Vendors,1557 Napoleon Dr,15000
Total for Expenses,1557 Napoleon Dr,61823.43
Net Operating Income,1557 Napoleon Dr,-61823.43
Net Income,1557 Napoleon Dr,-61823.43
Sale of property,157 Sweetgum Dr,213560.31
Total for Income,157 Sweetgum Dr,213560.31
Gross Profit,157 Sweetgum Dr,213560.31
Dumpsters,157 Sweetgum Dr,4234.71
Earnest money,157 Sweetgum Dr,5000
Labor,157 Sweetgum Dr,25622.63
Materials,157 Sweetgum Dr,23232.88
Property Purchase,157 Sweetgum Dr,76460.59
Third Party Vendors,157 Sweetgum Dr,16396.53
Utilities,157 Sweetgum Dr,1318.25
Total for Expenses,157 Sweetgum Dr,152265.59
Net Operating Income,157 Sweetgum Dr,61294.72
Net Income,157 Sweetgum Dr,61294.72
Sale of property,1604 Tahoe Rd,118615.45
Total for Income,1604 Tahoe Rd,118615.45
Gross Profit,1604 Tahoe Rd,118615.45
Admin Services,1604 Tahoe Rd,300
Cleaning services,1604 Tahoe Rd,150
Closing Costs,1604 Tahoe Rd,9032.2
Dumpsters,1604 Tahoe Rd,2015.7
Labor,1604 Tahoe Rd,39150
Materials,1604 Tahoe Rd,24097.94
Referal Fee,1604 Tahoe Rd,1000
Third Party Vendors,1604 Tahoe Rd,13695
Total for Expenses,1604 Tahoe Rd,89440.84
Net Operating Income,1604 Tahoe Rd,29174.61
Net Income,1604 Tahoe Rd,29174.61
Sale of property,1608 Kestwick Dr,215187.86
Total for Income,1608 Kestwick Dr,215187.86
Gross Profit,1608 Kestwick Dr,215187.86
Cleaning services,1608 Kestwick Dr,475
Dumpsters,1608 Kestwick Dr,6183.1
Interest Payment,1608 Kestwick Dr,17980.63
Labor,1608 Kestwick Dr,46879.93
Materials,1608 Kestwick Dr,48406.67
Permits,1608 Kestwick Dr,3291.31
Property Purchase,1608 Kestwick Dr,68267.12
Reinspection Fee,1608 Kestwick Dr,75
Third Party Vendors,1608 Kestwick Dr,41957.23
Utilities,1608 Kestwick Dr,3017.59
Total for Expenses,1608 Kestwick Dr,236533.58000000002
Net Operating Income,1608 Kestwick Dr,-21345.72000000003
Net Income,1608 Kestwick Dr,-21345.72000000003
Sale of property,1609 Sonia Dr,211570.44
Total for Income,1609 Sonia Dr,211570.44
Gross Profit,1609 Sonia Dr,211570.44
Auction,1609 Sonia Dr,5118
Dumpsters,1609 Sonia Dr,3429.05
Labor,1609 Sonia Dr,54300
Materials,1609 Sonia Dr,41122.04
Property Purchase,1609 Sonia Dr,50100
Third Party Vendors,1609 Sonia Dr,21062.84
Total for Expenses,1609 Sonia Dr,175131.93
Net Operating Income,1609 Sonia Dr,36438.51000000001
Mortgage,1609 Sonia Dr,-4086
Total for Other Income,1609 Sonia Dr,-4086
Net Other Income,1609 Sonia Dr,-4086
Net Income,1609 Sonia Dr,32352.51000000001
Sale of property,1612 Big Mtn. Dr.,98402.01
Total for Income,1612 Big Mtn. Dr.,98402.01
Gross Profit,1612 Big Mtn. Dr.,98402.01
Dumpsters,1612 Big Mtn. Dr.,1868.52
Earnest money,1612 Big Mtn. Dr.,1500
Labor,1612 Big Mtn. Dr.,20371.14
Materials,1612 Big Mtn. Dr.,9440.59
Property Purchase,1612 Big Mtn. Dr.,80000
Referal Fee,1612 Big Mtn. Dr.,2000
Third Party Vendors,1612 Big Mtn. Dr.,9328.11
Total for Expenses,1612 Big Mtn. Dr.,124508.36
Net Operating Income,1612 Big Mtn. Dr.,-26106.350000000006
Mortgage,1612 Big Mtn. Dr.,80000
Total for Other Income,1612 Big Mtn. Dr.,80000
Net Other Income,1612 Big Mtn. Dr.,80000
Net Income,1612 Big Mtn. Dr.,53893.649999999994
Sale of property,163 Sunrise Dr,62477.68
Total for Income,163 Sunrise Dr,62477.68
Gross Profit,163 Sunrise Dr,62477.68
Cleaning services,163 Sunrise Dr,190
Dumpsters,163 Sunrise Dr,2879.62
Labor,163 Sunrise Dr,25892.46
Materials,163 Sunrise Dr,19120.85
Property Purchase,163 Sunrise Dr,15843.24
Third Party Vendors,163 Sunrise Dr,16017.83
Utilities,163 Sunrise Dr,872.19
Total for Expenses,163 Sunrise Dr,80816.18999999999
Net Operating Income,163 Sunrise Dr,-18338.509999999987
Net Income,163 Sunrise Dr,-18338.509999999987
Labor,1645 Barrington Ln NE,6000
Materials,1645 Barrington Ln NE,13352.86
Property Insurance,1645 Barrington Ln NE,1335.15
Property Purchase,1645 Barrington Ln NE,3707.78
Third Party Vendors,1645 Barrington Ln NE,12400
Utilities,1645 Barrington Ln NE,323.56
Total for Expenses,1645 Barrington Ln NE,37119.35
Net Operating Income,1645 Barrington Ln NE,-37119.35
Net Income,1645 Barrington Ln NE,-37119.35
Sale of property,1646 Roberta Ln,140319.62
Total for Income,1646 Roberta Ln,140319.62
Gross Profit,1646 Roberta Ln,140319.62
Closing Costs,1646 Roberta Ln,25894.5
Dumpsters,1646 Roberta Ln,1494.38
Labor,1646 Roberta Ln,25632
Materials,1646 Roberta Ln,16647.7
Third Party Vendors,1646 Roberta Ln,19451.03
Total for Expenses,1646 Roberta Ln,89119.61
Net Operating Income,1646 Roberta Ln,51200.009999999995
Net Income,1646 Roberta Ln,51200.009999999995
Property Insurance,1676 Five Points Rd,1008.09
Property Purchase,1676 Five Points Rd,6267.82
Total for Expenses,1676 Five Points Rd,7275.91
Net Operating Income,1676 Five Points Rd,-7275.91
Net Income,1676 Five Points Rd,-7275.91
Sale of property,1703 Molly Cir.,170895.11
Total for Income,1703 Molly Cir.,170895.11
Gross Profit,1703 Molly Cir.,170895.11
Dumpsters,1703 Molly Cir.,932.15
Labor,1703 Molly Cir.,15600
Materials,1703 Molly Cir.,4205.01
Property Insurance,1703 Molly Cir.,867.5
Property Purchase,1703 Molly Cir.,80725.69
Third Party Vendors,1703 Molly Cir.,1940
Total for Expenses,1703 Molly Cir.,104270.35
Net Operating Income,1703 Molly Cir.,66624.75999999998
Net Income,1703 Molly Cir.,66624.75999999998
Sale of property,170502 Hwy 174,120133.53
Total for Income,170502 Hwy 174,120133.53
Gross Profit,170502 Hwy 174,120133.53
Dumpsters,170502 Hwy 174,1359.6
Total for Expenses,170502 Hwy 174,1359.6
Net Operating Income,170502 Hwy 174,118773.93
Net Income,170502 Hwy 174,118773.93
Labor,1706 Greenbriar Dr,5000
Materials,1706 Greenbriar Dr,3201.52
Total for Expenses,1706 Greenbriar Dr,8201.52
Net Operating Income,1706 Greenbriar Dr,-8201.52
Net Income,1706 Greenbriar Dr,-8201.52
Sale of property,1708 Molly Dr.,71097.57
Total for Income,1708 Molly Dr.,71097.57
Gross Profit,1708 Molly Dr.,71097.57
Admin Services,1708 Molly Dr.,500
Closing Costs,1708 Molly Dr.,623
Dumpsters,1708 Molly Dr.,2304.01
Labor,1708 Molly Dr.,22607.2
Materials,1708 Molly Dr.,22658.97
Photography,1708 Molly Dr.,100
Property Purchase,1708 Molly Dr.,81211.35
Third Party Vendors,1708 Molly Dr.,8970
Total for Expenses,1708 Molly Dr.,138974.53
Net Operating Income,1708 Molly Dr.,-67876.95999999999
Mortgage,1708 Molly Dr.,120000
Total for Other Income,1708 Molly Dr.,120000
Net Other Income,1708 Molly Dr.,120000
Net Income,1708 Molly Dr.,52123.04000000001
Sale of property,1710 Greenbriar Dr,215246.85
Total for Income,1710 Greenbriar Dr,215246.85
Gross Profit,1710 Greenbriar Dr,215246.85
Admin Services,1710 Greenbriar Dr,300
Dumpsters,1710 Greenbriar Dr,2360.51
Labor,1710 Greenbriar Dr,24891.79
Materials,1710 Greenbriar Dr,20500.18
Permits,1710 Greenbriar Dr,1260
Photography,1710 Greenbriar Dr,475
Property Purchase,1710 Greenbriar Dr,126337.95
Third Party Vendors,1710 Greenbriar Dr,13354.25
Utilities,1710 Greenbriar Dr,50
Total for Expenses,1710 Greenbriar Dr,189529.68
Net Operating Income,1710 Greenbriar Dr,25717.170000000013
Net Income,1710 Greenbriar Dr,25717.170000000013
Sale of property,1713 Molly Dr.,152542.24
Total for Income,1713 Molly Dr.,152542.24
Gross Profit,1713 Molly Dr.,152542.24
Dumpsters,1713 Molly Dr.,1094.48
Labor,1713 Molly Dr.,22287
Materials,1713 Molly Dr.,22007.58
Property Purchase,1713 Molly Dr.,45412.5
Third Party Vendors,1713 Molly Dr.,8270.25
Total for Expenses,1713 Molly Dr.,99071.81
Net Operating Income,1713 Molly Dr.,53470.42999999999
Net Income,1713 Molly Dr.,53470.42999999999
Sale of property,1735 6th St. NW,84242.93
Total for Income,1735 6th St. NW,84242.93
Gross Profit,1735 6th St. NW,84242.93
Labor,1735 6th St. NW,12400
Materials,1735 6th St. NW,4803.25
Property Insurance,1735 6th St. NW,1185.5
Property Purchase,1735 6th St. NW,45835.57
Third Party Vendors,1735 6th St. NW,3131.11
Total for Expenses,1735 6th St. NW,67355.43
Net Operating Income,1735 6th St. NW,16887.5
Net Income,1735 6th St. NW,16887.5
Closing Costs,17502 HWY 174,717.75
Dumpsters,17502 HWY 174,3139.64
Labor,17502 HWY 174,38403.66
Materials,17502 HWY 174,20285.07
Photography,17502 HWY 174,100
Property Insurance,17502 HWY 174,1405
Third Party Vendors,17502 HWY 174,16489.87
Total for Expenses,17502 HWY 174,80540.99
Net Operating Income,17502 HWY 174,-80540.99
Net Income,17502 HWY 174,-80540.99
Third Party Vendors,1755 6th st.,750
Total for Expenses,1755 6th st.,750
Net Operating Income,1755 6th st.,-750
Net Income,1755 6th st.,-750
Sale of property,1761 Cornwall Dr.,197204.2
Total for Income,1761 Cornwall Dr.,197204.2
Gross Profit,1761 Cornwall Dr.,197204.2
Admin Services,1761 Cornwall Dr.,300
Cleaning services,1761 Cornwall Dr.,150
Dumpsters,1761 Cornwall Dr.,2518.35
Earnest money,1761 Cornwall Dr.,10000
Labor,1761 Cornwall Dr.,38403.5
Materials,1761 Cornwall Dr.,28590.46
Permits,1761 Cornwall Dr.,1545.25
Property Purchase,1761 Cornwall Dr.,256152.8
Third Party Vendors,1761 Cornwall Dr.,30470.27
Total for Expenses,1761 Cornwall Dr.,368130.63
Net Operating Income,1761 Cornwall Dr.,-170926.43
Mortgage,1761 Cornwall Dr.,200000
Total for Other Income,1761 Cornwall Dr.,200000
Net Other Income,1761 Cornwall Dr.,200000
Net Income,1761 Cornwall Dr.,29073.570000000007
Sale of property,1766 Brookside Rd,255370.5
Total for Income,1766 Brookside Rd,255370.5
Gross Profit,1766 Brookside Rd,255370.5
Cleaning services,1766 Brookside Rd,600
Dumpsters,1766 Brookside Rd,1632.41
Interest Payment,1766 Brookside Rd,5000
Labor,1766 Brookside Rd,26400.77
Materials,1766 Brookside Rd,10402.54
Property Purchase,1766 Brookside Rd,72955
Third Party Vendors,1766 Brookside Rd,19734.68
Utilities,1766 Brookside Rd,1316.13
Total for Expenses,1766 Brookside Rd,138041.53
Net Operating Income,1766 Brookside Rd,117328.97
Net Income,1766 Brookside Rd,117328.97
Sale of property,1788 Whitmire St,244967.21
Total for Income,1788 Whitmire St,244967.21
Gross Profit,1788 Whitmire St,244967.21
Dumpsters,1788 Whitmire St,1930.83
Labor,1788 Whitmire St,38425
Labor and Materials,1788 Whitmire St,7835
Materials,1788 Whitmire St,45134.9
Permits,1788 Whitmire St,1459.79
Property Purchase,1788 Whitmire St,86722.92
Property taxes,1788 Whitmire St,1523.31
Survey,1788 Whitmire St,1219.67
Third Party Vendors,1788 Whitmire St,20640.23
Utilities,1788 Whitmire St,2254.4
Total for Expenses,1788 Whitmire St,207146.05000000002
Net Operating Income,1788 Whitmire St,37821.159999999974
Mortgage,1788 Whitmire St,150000
Total for Other Income,1788 Whitmire St,150000
Net Other Income,1788 Whitmire St,150000
Net Income,1788 Whitmire St,187821.15999999997
Sale of property,1790 Ray Wyatt Rd,134717.88
Total for Income,1790 Ray Wyatt Rd,134717.88
Gross Profit,1790 Ray Wyatt Rd,134717.88
Property Purchase,1790 Ray Wyatt Rd,91662
Total for Expenses,1790 Ray Wyatt Rd,91662
Net Operating Income,1790 Ray Wyatt Rd,43055.880000000005
Net Income,1790 Ray Wyatt Rd,43055.880000000005
Sale of property,1791 Vestaview Ln,341912.83
Total for Income,1791 Vestaview Ln,341912.83
Gross Profit,1791 Vestaview Ln,341912.83
Cleaning services,1791 Vestaview Ln,300
Dumpsters,1791 Vestaview Ln,2901.06
Interest Payment,1791 Vestaview Ln,2811.68
Labor,1791 Vestaview Ln,32035
Materials,1791 Vestaview Ln,40582.58
Property Purchase,1791 Vestaview Ln,105610.5
Third Party Vendors,1791 Vestaview Ln,42807.48
Utilities,1791 Vestaview Ln,666.61
Total for Expenses,1791 Vestaview Ln,227714.91
Net Operating Income,1791 Vestaview Ln,114197.92000000001
Net Income,1791 Vestaview Ln,114197.92000000001
Labor,1792 Whitmire St,122226.08
Materials,1792 Whitmire St,35305.88
Permits,1792 Whitmire St,5554.49
Third Party Vendors,1792 Whitmire St,28100
Utilities,1792 Whitmire St,3575
Total for Expenses,1792 Whitmire St,194761.44999999998
Net Operating Income,1792 Whitmire St,-194761.44999999998
Net Income,1792 Whitmire St,-194761.44999999998
Earnest money,180 Charleston Way,1000
Interest Payment,180 Charleston Way,5000
Materials,180 Charleston Way,750.71
Property Purchase,180 Charleston Way,95337.11
Total for Expenses,180 Charleston Way,102087.82
Net Operating Income,180 Charleston Way,-102087.82
Mortgage,180 Charleston Way,150000
Total for Other Income,180 Charleston Way,150000
Net Other Income,180 Charleston Way,150000
Net Income,180 Charleston Way,47912.17999999999
Materials,1803 5th Ave.S.,1450.57
Total for Expenses,1803 5th Ave.S.,1450.57
Net Operating Income,1803 5th Ave.S.,-1450.57
Net Income,1803 5th Ave.S.,-1450.57
Dumpsters,1809 Tin Valley Cir,1994.86
Labor,1809 Tin Valley Cir,7041.5
Materials,1809 Tin Valley Cir,41187.66
Office Supplies,1809 Tin Valley Cir,1517.38
Property Purchase,1809 Tin Valley Cir,126316.5
Third Party Vendors,1809 Tin Valley Cir,31332.25
Total for Expenses,1809 Tin Valley Cir,209390.15
Net Operating Income,1809 Tin Valley Cir,-209390.15
Net Income,1809 Tin Valley Cir,-209390.15
Sale of property,1824 Otis Rd,210479.27
Total for Income,1824 Otis Rd,210479.27
Gross Profit,1824 Otis Rd,210479.27
Cleaning services,1824 Otis Rd,165
Dumpsters,1824 Otis Rd,1012.75
Earnest money,1824 Otis Rd,500
Labor,1824 Otis Rd,26524.4
Materials,1824 Otis Rd,18864.25
Property Purchase,1824 Otis Rd,129125.95
Third Party Vendors,1824 Otis Rd,15636.79
Utilities,1824 Otis Rd,1575.89
Total for Expenses,1824 Otis Rd,193405.03000000003
Net Operating Income,1824 Otis Rd,17074.23999999996
Net Income,1824 Otis Rd,17074.23999999996
Sale of property,1831 Otis Cir.,202122.37
Total for Income,1831 Otis Cir.,202122.37
Gross Profit,1831 Otis Cir.,202122.37
Dumpsters,1831 Otis Cir.,547.14
Labor,1831 Otis Cir.,12450
Materials,1831 Otis Cir.,12686.42
Photography,1831 Otis Cir.,50
Property Purchase,1831 Otis Cir.,139245.1
Third Party Vendors,1831 Otis Cir.,9282
Total for Expenses,1831 Otis Cir.,174260.66
Net Operating Income,1831 Otis Cir.,27861.709999999992
Net Income,1831 Otis Cir.,27861.709999999992
Sale of property,2232 Garland Dr,92960.42
Total for Income,2232 Garland Dr,92960.42
Gross Profit,2232 Garland Dr,92960.42
Dumpsters,2232 Garland Dr,2950.31
Earnest money,2232 Garland Dr,5000
Interest Payment,2232 Garland Dr,12911.56
Labor,2232 Garland Dr,39175
Materials,2232 Garland Dr,31056.48
Permits,2232 Garland Dr,339.57
Property Purchase,2232 Garland Dr,23274.61
Third Party Vendors,2232 Garland Dr,28456.66
Utilities,2232 Garland Dr,2473.84
Total for Expenses,2232 Garland Dr,145638.03
Net Operating Income,2232 Garland Dr,-52677.61
Mortgage,2232 Garland Dr,185000
Total for Other Income,2232 Garland Dr,185000
Net Other Income,2232 Garland Dr,185000
Net Income,2232 Garland Dr,132322.39
Sale of property,936 Pineview Rd,110045.12
Total for Income,936 Pineview Rd,110045.12
Gross Profit,936 Pineview Rd,110045.12
Dumpsters,936 Pineview Rd,266.51
Property Purchase,936 Pineview Rd,81365.39
Total for Expenses,936 Pineview Rd,81631.9
Net Operating Income,936 Pineview Rd,28413.22
Net Income,936 Pineview Rd,28413.22
Rehab Reimbursement,Total,275000
Sale of property,Total,12547526.799999993
Total for Income,Total,12822526.799999991
Gross Profit,Total,12822526.799999991
Admin Services,Total,6380
Advertising and Promotion,Total,150
Auction,Total,5269.75
Automobile Expense,Total,234.32
Business License,Total,654.75
Cleaning services,Total,11238.6
Closing Costs,Total,194514.8
Consulting fee,Total,3302.75
Deed Recording,Total,123
Dumpsters,Total,191556.95
Earnest money,Total,57673.840000000004
Equipment,Total,996.2
HOA Fees,Total,116.85
Interest Payment,Total,267377.30000000005
Labor,Total,2464226.1699999995
Labor and Materials,Total,26835
Materials,Total,2238554.819999999
Mortgage Payment,Total,13348.61
Office Supplies,Total,2319.54
Parking,Total,6
Payroll,Total,20.28
Permits,Total,24748.71
Photography,Total,2295
Professional Fees,Total,3800
Property Insurance,Total,29850.36
Property Purchase,Total,5931919.330000002
Property taxes,Total,6716.02
Referal Fee,Total,18000
Reimbursment,Total,2717
Reinspection Fee,Total,425
Staging and Interiors,Total,13099.43
Survey,Total,1219.67
Third Party Vendors,Total,1639617.4200000004
Utilities,Total,60422.19
Total for Expenses,Total,13219729.66
Net Operating Income,Total,-397202.8600000002
Mortgage,Total,2955332.03
Total for Other Income,Total,2955332.03
Net Other Income,Total,2955332.03
Net Income,Total,2558129.1700000004
